experiment_id,seed,hospital,aggregation_level,model_family,feature_setting,federated_strategy,latent_dimension,encoder_configuration,fedprox_mu,secure_aggregation,differential_privacy,privacy_epsilon,sample_count,positive_count,negative_count,tp,tn,fp,fn,accuracy,precision,recall,sensitivity,specificity,f1,roc_auc,pr_auc,brier_score,ece,shared_parameter_count,private_parameter_count,communication_per_round,total_communication
local_mlp,42,hospital_1,hospital,Heterogeneous_Composite_MLP,heterogeneous_native,Local,32.0,2_Layer_MLP,0.0,False,False,,46,21,25,19,19,6,2,0.8260869565217391,0.76,0.9047619047619048,0.9047619047619048,0.76,0.8260869565217391,0.9504761904761905,0.950553063985174,0.10678373945022761,0.15454383259234225,4833,0,0,0
local_mlp,42,hospital_2,hospital,Heterogeneous_Composite_MLP,heterogeneous_native,Local,32.0,2_Layer_MLP,0.0,False,False,,44,16,28,13,24,4,3,0.8409090909090909,0.7647058823529411,0.8125,0.8125,0.8571428571428571,0.7878787878787878,0.9107142857142858,0.8538532807205408,0.12659778469532726,0.11704272302714262,4833,0,0,0
local_mlp,42,hospital_3,hospital,Heterogeneous_Composite_MLP,heterogeneous_native,Local,32.0,2_Layer_MLP,0.0,False,False,,19,18,1,11,1,0,7,0.631578947368421,1.0,0.6111111111111112,0.6111111111111112,1.0,0.7586206896551724,0.6666666666666666,0.9789026860556789,0.24923698634011673,0.44702273293545375,4833,0,0,0
local_mlp,42,ALL,macro,Heterogeneous_Composite_MLP,heterogeneous_native,Local,32.0,2_Layer_MLP,0.0,False,False,,109,55,54,43,44,10,12,0.7661916649330838,0.8415686274509803,0.7761243386243386,0.7761243386243386,0.8723809523809524,0.790862144685233,0.8426190476190477,0.9277696769204645,0.16087283682855721,0.2395364295183129,4833,0,0,0
local_mlp,42,ALL,sample_weighted,Heterogeneous_Composite_MLP,heterogeneous_native,Local,32.0,2_Layer_MLP,0.0,False,False,,109,55,54,43,44,10,12,0.7981651376146789,0.8037344846195358,0.8163317314693462,0.8163317314693462,0.8148148148148148,0.7989033006432562,0.884954128440367,0.9164599663310065,0.1396133695574962,0.19038833062583158,4833,0,0,0
local_xgboost,42,hospital_1,hospital,XGBoost,homogeneous_25,Local,,None,0.0,False,False,,46,21,25,19,21,4,2,0.8695652173913043,0.8260869565217391,0.9047619047619048,0.9047619047619048,0.84,0.8636363636363636,0.9390476190476189,0.933486873952809,0.1021393640173415,0.1093963209701621,0,0,0,0
local_xgboost,42,hospital_2,hospital,XGBoost,homogeneous_25,Local,,None,0.0,False,False,,44,16,28,14,21,7,2,0.7954545454545454,0.6666666666666666,0.875,0.875,0.75,0.7567567567567568,0.9174107142857143,0.8365322481449,0.12488302403356649,0.1549565255303274,0,0,0,0
local_xgboost,42,hospital_3,hospital,XGBoost,homogeneous_25,Local,,None,0.0,False,False,,19,18,1,17,0,1,1,0.8947368421052632,0.9444444444444444,0.9444444444444444,0.9444444444444444,0.0,0.9444444444444444,0.5833333333333334,0.9721363042892971,0.1263207136855371,0.2614479974696511,0,0,0,0
local_xgboost,42,ALL,macro,XGBoost,homogeneous_25,Sample_Weighted_Ensemble,,None,0.0,False,False,,109,55,54,50,42,12,5,0.853252201650371,0.8123993558776167,0.9080687830687829,0.9080687830687829,0.5299999999999999,0.854945854945855,0.8132638888888889,0.9140518087956687,0.11778103391214838,0.17526694799004686,0,0,0,0
local_xgboost,42,ALL,sample_weighted,XGBoost,homogeneous_25,Sample_Weighted_Ensemble,,None,0.0,False,False,,109,55,54,50,42,12,5,0.8440366972477065,0.7823649337410805,0.8996650648026795,0.8996650648026795,0.7777777777777778,0.8345781143946281,0.8683082131935341,0.9010862835018483,0.11553538864495265,0.15429201687968105,0,0,0,0
local_alexnet,42,hospital_1,hospital,1D_AlexNet,homogeneous_25,Local,,None,0.0,False,False,,46,21,25,18,22,3,3,0.8695652173913043,0.8571428571428571,0.8571428571428571,0.8571428571428571,0.88,0.8571428571428571,0.9447619047619048,0.9401228026100055,0.10010712672906648,0.09945418207865693,120257,0,0,0
local_alexnet,42,hospital_2,hospital,1D_AlexNet,homogeneous_25,Local,,None,0.0,False,False,,44,16,28,12,23,5,4,0.7954545454545454,0.7058823529411765,0.75,0.75,0.8214285714285714,0.7272727272727273,0.875,0.7850769045172944,0.14374577273037537,0.13111455840143288,120257,0,0,0
local_alexnet,42,hospital_3,hospital,1D_AlexNet,homogeneous_25,Local,,None,0.0,False,False,,19,18,1,18,0,1,0,0.9473684210526315,0.9473684210526315,1.0,1.0,0.0,0.972972972972973,0.3888888888888889,0.9518851819548415,0.06675813941701585,0.09103840589523313,120257,0,0,0
local_alexnet,42,ALL,macro,1D_AlexNet,homogeneous_25,Local,,None,0.0,False,False,,109,55,54,48,45,9,7,0.8707960612994937,0.8367978770455551,0.8690476190476191,0.8690476190476191,0.5671428571428572,0.8524628524628524,0.7362169312169312,0.892361629694047,0.10353701295881923,0.10720238212510765,120257,0,0,0
local_alexnet,42,ALL,sample_weighted,1D_AlexNet,homogeneous_25,Local,,None,0.0,False,False,,109,55,54,48,45,9,7,0.8532110091743119,0.811810962917277,0.838794233289646,0.838794233289646,0.8333333333333334,0.8249087882115403,0.8197058395223533,0.8795857906051668,0.11190960072107226,0.11076754731459354,120257,0,0,0
local_resnet,42,hospital_1,hospital,1D_ResNet,homogeneous_25,Local,,None,0.0,False,False,,46,21,25,19,20,5,2,0.8478260869565217,0.7916666666666666,0.9047619047619048,0.9047619047619048,0.8,0.8444444444444444,0.9333333333333333,0.9284841507500268,0.11451485807009115,0.09147183143574257,244065,0,0,0
local_resnet,42,hospital_2,hospital,1D_ResNet,homogeneous_25,Local,,None,0.0,False,False,,44,16,28,4,27,1,12,0.7045454545454546,0.8,0.25,0.25,0.9642857142857143,0.38095238095238093,0.8839285714285714,0.7696190673784289,0.17771972613213607,0.22869793799790467,244065,0,0,0
local_resnet,42,hospital_3,hospital,1D_ResNet,homogeneous_25,Local,,None,0.0,False,False,,19,18,1,18,0,1,0,0.9473684210526315,0.9473684210526315,1.0,1.0,0.0,0.972972972972973,0.05555555555555555,0.8738097851294446,0.06001809478622633,0.15082371548602455,244065,0,0,0
local_resnet,42,ALL,macro,1D_ResNet,homogeneous_25,Local,,None,0.0,False,False,,109,55,54,41,47,7,14,0.8332466541848693,0.8463450292397661,0.7182539682539683,0.7182539682539683,0.5880952380952381,0.7327899327899328,0.6242724867724868,0.8573043344193,0.11741755966281786,0.15699782830655726,244065,0,0,0
local_resnet,42,ALL,sample_weighted,1D_ResNet,homogeneous_25,Local,,None,0.0,False,False,,109,55,54,41,47,7,14,0.8073394495412844,0.82217125382263,0.6570554827435562,0.6570554827435562,0.8703703703703703,0.6797507861728045,0.7603829911169361,0.8548247322624912,0.13052931396308698,0.15721159735950851,244065,0,0,0
local_mlp,123,hospital_1,hospital,Heterogeneous_Composite_MLP,heterogeneous_native,Local,32.0,2_Layer_MLP,0.0,False,False,,46,21,25,19,20,5,2,0.8478260869565217,0.7916666666666666,0.9047619047619048,0.9047619047619048,0.8,0.8444444444444444,0.9466666666666667,0.9479044603841895,0.10220823753370019,0.1137272979578246,4833,0,0,0
local_mlp,123,hospital_2,hospital,Heterogeneous_Composite_MLP,heterogeneous_native,Local,32.0,2_Layer_MLP,0.0,False,False,,44,16,28,12,25,3,4,0.8409090909090909,0.8,0.75,0.75,0.8928571428571429,0.7741935483870968,0.9107142857142857,0.8453491289848913,0.12024832836962669,0.11859474009410899,4833,0,0,0
local_mlp,123,hospital_3,hospital,Heterogeneous_Composite_MLP,heterogeneous_native,Local,32.0,2_Layer_MLP,0.0,False,False,,19,18,1,18,0,1,0,0.9473684210526315,0.9473684210526315,1.0,1.0,0.0,0.972972972972973,0.2777777777777778,0.9358468221664817,0.21662066093237442,0.4077622074829904,4833,0,0,0
local_mlp,123,ALL,macro,Heterogeneous_Composite_MLP,heterogeneous_native,Local,32.0,2_Layer_MLP,0.0,False,False,,109,55,54,49,45,9,6,0.8787011996394147,0.8463450292397661,0.8849206349206349,0.8849206349206349,0.5642857142857144,0.8638703219348379,0.7117195767195766,0.9097001371785209,0.14635907561190042,0.213361415178308,4833,0,0,0
local_mlp,123,ALL,sample_weighted,Heterogeneous_Composite_MLP,heterogeneous_native,Local,32.0,2_Layer_MLP,0.0,False,False,,109,55,54,49,45,9,6,0.8623853211009175,0.82217125382263,0.8588903451288773,0.8588903451288773,0.8333333333333334,0.8384903399996622,0.8155584680355322,0.9044041878364322,0.12943392598650363,0.16694592855392243,4833,0,0,0
local_xgboost,123,hospital_1,hospital,XGBoost,homogeneous_25,Local,,None,0.0,False,False,,46,21,25,19,21,4,2,0.8695652173913043,0.8260869565217391,0.9047619047619048,0.9047619047619048,0.84,0.8636363636363636,0.9333333333333332,0.9268833117820199,0.10547903093816198,0.1030498665312062,0,0,0,0
local_xgboost,123,hospital_2,hospital,XGBoost,homogeneous_25,Local,,None,0.0,False,False,,44,16,28,14,20,8,2,0.7727272727272727,0.6363636363636364,0.875,0.875,0.7142857142857143,0.7368421052631579,0.9196428571428571,0.8497412649246889,0.12376259835422038,0.18924378756095064,0,0,0,0
local_xgboost,123,hospital_3,hospital,XGBoost,homogeneous_25,Local,,None,0.0,False,False,,19,18,1,17,0,1,1,0.8947368421052632,0.9444444444444444,0.9444444444444444,0.9444444444444444,0.0,0.9444444444444444,0.6111111111111112,0.974377350280343,0.12593084841497623,0.2676277019475636,0,0,0,0
local_xgboost,123,ALL,macro,XGBoost,homogeneous_25,Sample_Weighted_Ensemble,,None,0.0,False,False,,109,55,54,50,41,13,5,0.8456764440746135,0.8022983457766065,0.9080687830687829,0.9080687830687829,0.518095238095238,0.848307637781322,0.8213624338624338,0.9170006423290173,0.11839082590245287,0.18664045201324017,0,0,0,0
local_xgboost,123,ALL,sample_weighted,XGBoost,homogeneous_25,Sample_Weighted_Ensemble,,None,0.0,False,False,,109,55,54,50,41,13,5,0.8348623853211009,0.7701325178389399,0.8996650648026795,0.8996650648026795,0.7592592592592593,0.8265391725073039,0.8716397262268822,0.9040221803117958,0.11642454927179538,0.16653162247817452,0,0,0,0
local_alexnet,123,hospital_1,hospital,1D_AlexNet,homogeneous_25,Local,,None,0.0,False,False,,46,21,25,18,21,4,3,0.8478260869565217,0.8181818181818182,0.8571428571428571,0.8571428571428571,0.84,0.8372093023255814,0.9485714285714286,0.9481275815198102,0.09451398970224772,0.11252827144673336,120257,0,0,0
local_alexnet,123,hospital_2,hospital,1D_AlexNet,homogeneous_25,Local,,None,0.0,False,False,,44,16,28,8,24,4,8,0.7272727272727273,0.6666666666666666,0.5,0.5,0.8571428571428571,0.5714285714285714,0.8928571428571428,0.8039813856211168,0.14951700143519178,0.21102459694851533,120257,0,0,0
local_alexnet,123,hospital_3,hospital,1D_AlexNet,homogeneous_25,Local,,None,0.0,False,False,,19,18,1,18,0,1,0,0.9473684210526315,0.9473684210526315,1.0,1.0,0.0,0.972972972972973,0.3888888888888889,0.9518851819548415,0.06684710221325331,0.0865057769574617,120257,0,0,0
local_alexnet,123,ALL,macro,1D_AlexNet,homogeneous_25,Local,,None,0.0,False,False,,109,55,54,44,45,9,11,0.8408224117606268,0.8107389686337054,0.7857142857142857,0.7857142857142857,0.5657142857142857,0.7938702822423753,0.7434391534391535,0.9013313830319228,0.10362603111689761,0.13668621511757012,120257,0,0,0
local_alexnet,123,ALL,sample_weighted,1D_AlexNet,homogeneous_25,Local,,None,0.0,False,False,,109,55,54,44,45,9,11,0.8165137614678899,0.7795385043091465,0.7378768020969855,0.7378768020969855,0.8333333333333334,0.7535868948286273,0.8285219164118247,0.8905951208658937,0.1118943718486573,0.1477522249034512,120257,0,0,0
local_resnet,123,hospital_1,hospital,1D_ResNet,homogeneous_25,Local,,None,0.0,False,False,,46,21,25,18,18,7,3,0.782608695652174,0.72,0.8571428571428571,0.8571428571428571,0.72,0.782608695652174,0.9104761904761903,0.9265929203083016,0.14137842003321735,0.16368938075459522,244065,0,0,0
local_resnet,123,hospital_2,hospital,1D_ResNet,homogeneous_25,Local,,None,0.0,False,False,,44,16,28,13,24,4,3,0.8409090909090909,0.7647058823529411,0.8125,0.8125,0.8571428571428571,0.7878787878787878,0.8883928571428572,0.7951381582825923,0.13923620723268557,0.13738581588999793,244065,0,0,0
local_resnet,123,hospital_3,hospital,1D_ResNet,homogeneous_25,Local,,None,0.0,False,False,,19,18,1,18,0,1,0,0.9473684210526315,0.9473684210526315,1.0,1.0,0.0,0.972972972972973,0.4444444444444444,0.9584438239301502,0.06660623945368502,0.07468515948245398,244065,0,0,0
local_resnet,123,ALL,macro,1D_ResNet,homogeneous_25,Local,,None,0.0,False,False,,109,55,54,49,42,12,6,0.8569620692046321,0.8106914344685242,0.8898809523809524,0.8898809523809524,0.5257142857142857,0.8478201521679782,0.747771164021164,0.8933916341736814,0.11574028890652932,0.12525345204234903,244065,0,0,0
local_resnet,123,ALL,sample_weighted,1D_ResNet,homogeneous_25,Local,,None,0.0,False,False,,109,55,54,49,42,12,6,0.8348623853211009,0.7776794387479761,0.8640235910878111,0.8640235910878111,0.7777777777777778,0.81791883626746,0.8203269258773845,0.8790806050760439,0.12747999072831356,0.13755693067924693,244065,0,0,0
local_mlp,2026,hospital_1,hospital,Heterogeneous_Composite_MLP,heterogeneous_native,Local,32.0,2_Layer_MLP,0.0,False,False,,46,21,25,19,21,4,2,0.8695652173913043,0.8260869565217391,0.9047619047619048,0.9047619047619048,0.84,0.8636363636363636,0.96,0.9648108308196031,0.09416860143704882,0.15595773186372675,4833,0,0,0
local_mlp,2026,hospital_2,hospital,Heterogeneous_Composite_MLP,heterogeneous_native,Local,32.0,2_Layer_MLP,0.0,False,False,,44,16,28,13,24,4,3,0.8409090909090909,0.7647058823529411,0.8125,0.8125,0.8571428571428571,0.7878787878787878,0.9040178571428572,0.8238830014024354,0.1280905819353427,0.1444570378569717,4833,0,0,0
local_mlp,2026,hospital_3,hospital,Heterogeneous_Composite_MLP,heterogeneous_native,Local,32.0,2_Layer_MLP,0.0,False,False,,19,18,1,18,0,1,0,0.9473684210526315,0.9473684210526315,1.0,1.0,0.0,0.972972972972973,0.16666666666666666,0.9131616369812965,0.05287739821376722,0.012069783712688298,4833,0,0,0
local_mlp,2026,ALL,macro,Heterogeneous_Composite_MLP,heterogeneous_native,Local,32.0,2_Layer_MLP,0.0,False,False,,109,55,54,50,45,9,5,0.885947576451009,0.8460537533091039,0.9057539682539683,0.9057539682539683,0.5657142857142857,0.8748293748293747,0.6768948412698412,0.900618489734445,0.09171219386205291,0.10416151781112892,4833,0,0,0
local_mlp,2026,ALL,sample_weighted,Heterogeneous_Composite_MLP,heterogeneous_native,Local,32.0,2_Layer_MLP,0.0,False,False,,109,55,54,50,45,9,5,0.8715596330275229,0.8224500809498111,0.8841197029270423,0.8841197029270423,0.8333333333333334,0.8521139989029897,0.7991142420270861,0.8989194622206746,0.10066432878276056,0.1262338644218281,4833,0,0,0
local_xgboost,2026,hospital_1,hospital,XGBoost,homogeneous_25,Local,,None,0.0,False,False,,46,21,25,18,21,4,3,0.8478260869565217,0.8181818181818182,0.8571428571428571,0.8571428571428571,0.84,0.8372093023255814,0.9428571428571428,0.9364413930567919,0.10229776297626439,0.13480344981602999,0,0,0,0
local_xgboost,2026,hospital_2,hospital,XGBoost,homogeneous_25,Local,,None,0.0,False,False,,44,16,28,14,22,6,2,0.8181818181818182,0.7,0.875,0.875,0.7857142857142857,0.7777777777777778,0.9129464285714286,0.8415282735315504,0.12782054828585496,0.18885644457556983,0,0,0,0
local_xgboost,2026,hospital_3,hospital,XGBoost,homogeneous_25,Local,,None,0.0,False,False,,19,18,1,17,0,1,1,0.8947368421052632,0.9444444444444444,0.9444444444444444,0.9444444444444444,0.0,0.9444444444444444,0.5833333333333334,0.972136304289297,0.12328988977922868,0.2595002306135077,0,0,0,0
local_xgboost,2026,ALL,macro,XGBoost,homogeneous_25,Sample_Weighted_Ensemble,,None,0.0,False,False,,109,55,54,49,43,11,6,0.8535815824145344,0.8208754208754208,0.8921957671957671,0.8921957671957671,0.5419047619047619,0.8531438415159345,0.813045634920635,0.9167019902925464,0.11780273368044934,0.19438670833503582,0,0,0,0
local_xgboost,2026,ALL,sample_weighted,XGBoost,homogeneous_25,Sample_Weighted_Ensemble,,None,0.0,False,False,,109,55,54,49,43,11,6,0.8440366972477065,0.7924844778055787,0.8795689529634483,0.8795689529634483,0.7962962962962963,0.831910959391224,0.8681138051550895,0.904349888967865,0.11625971676413877,0.17835914343595505,0,0,0,0
local_alexnet,2026,hospital_1,hospital,1D_AlexNet,homogeneous_25,Local,,None,0.0,False,False,,46,21,25,19,23,2,2,0.9130434782608695,0.9047619047619048,0.9047619047619048,0.9047619047619048,0.92,0.9047619047619048,0.9523809523809523,0.9581237102319222,0.08470682235262092,0.11572442884030551,120257,0,0,0
local_alexnet,2026,hospital_2,hospital,1D_AlexNet,homogeneous_25,Local,,None,0.0,False,False,,44,16,28,12,23,5,4,0.7954545454545454,0.7058823529411765,0.75,0.75,0.8214285714285714,0.7272727272727273,0.8705357142857142,0.7331114155344999,0.15499192407434853,0.18437950330024414,120257,0,0,0
local_alexnet,2026,hospital_3,hospital,1D_AlexNet,homogeneous_25,Local,,None,0.0,False,False,,19,18,1,18,0,1,0,0.9473684210526315,0.9473684210526315,1.0,1.0,0.0,0.972972972972973,0.05555555555555555,0.8738097851294446,0.06723919572312759,0.10425447162828949,120257,0,0,0
local_alexnet,2026,ALL,macro,1D_AlexNet,homogeneous_25,Local,,None,0.0,False,False,,109,55,54,49,46,8,6,0.8852888149226822,0.8526708929185709,0.8849206349206349,0.8849206349206349,0.5804761904761905,0.8683358683358685,0.6261574074074073,0.8550149702986222,0.10231264738336569,0.13478613458961305,120257,0,0,0
local_alexnet,2026,ALL,sample_weighted,1D_AlexNet,homogeneous_25,Local,,None,0.0,False,False,,109,55,54,49,46,8,6,0.8715596330275229,0.8319070747565082,0.8588903451288773,0.8588903451288773,0.8518518518518519,0.8450049000507716,0.7630151448958788,0.852596136437118,0.11003397436909469,0.14143905351194766,120257,0,0,0
local_resnet,2026,hospital_1,hospital,1D_ResNet,homogeneous_25,Local,,None,0.0,False,False,,46,21,25,17,15,10,4,0.6956521739130435,0.6296296296296297,0.8095238095238095,0.8095238095238095,0.6,0.7083333333333334,0.8247619047619048,0.8031140634857785,0.22538689552598545,0.23588658593918965,244065,0,0,0
local_resnet,2026,hospital_2,hospital,1D_ResNet,homogeneous_25,Local,,None,0.0,False,False,,44,16,28,7,26,2,9,0.75,0.7777777777777778,0.4375,0.4375,0.9285714285714286,0.56,0.890625,0.7675401451564862,0.1603514657404093,0.1693577988242561,244065,0,0,0
local_resnet,2026,hospital_3,hospital,1D_ResNet,homogeneous_25,Local,,None,0.0,False,False,,19,18,1,18,0,1,0,0.9473684210526315,0.9473684210526315,1.0,1.0,0.0,0.972972972972973,0.16666666666666666,0.9131616369812965,0.057402577303385646,0.047666301852778384,244065,0,0,0
local_resnet,2026,ALL,macro,1D_ResNet,homogeneous_25,Local,,None,0.0,False,False,,109,55,54,42,41,13,13,0.7976735316552249,0.7849252761533463,0.7490079365079364,0.7490079365079364,0.5095238095238095,0.7471021021021022,0.6273511904761905,0.8279386152078537,0.1477136461899268,0.1509702288720747,244065,0,0,0
local_resnet,2026,ALL,sample_weighted,1D_ResNet,homogeneous_25,Local,,None,0.0,False,False,,109,55,54,42,41,13,13,0.7614678899082569,0.744818212708121,0.6925513324595893,0.6925513324595893,0.7592592592592593,0.6945855029341269,0.7366349934469201,0.8079365542190444,0.16985239133520796,0.17622188840984204,244065,0,0,0
homogeneous_fedavg_alexnet,42,hospital_1,hospital,1D_AlexNet,homogeneous_25,FedAvg,,None,0.0,False,False,,46,21,25,20,17,8,1,0.8043478260869565,0.7142857142857143,0.9523809523809523,0.9523809523809523,0.68,0.8163265306122449,0.9580952380952381,0.9565409207265558,0.12186144059921065,0.15134785713061044,120257,0,2886168,43292520
homogeneous_fedavg_alexnet,42,hospital_2,hospital,1D_AlexNet,homogeneous_25,FedAvg,,None,0.0,False,False,,44,16,28,14,24,4,2,0.8636363636363636,0.7777777777777778,0.875,0.875,0.8571428571428571,0.8235294117647058,0.9017857142857143,0.8072121324966594,0.12342698178504931,0.17731069891967555,120257,0,2886168,43292520
homogeneous_fedavg_alexnet,42,hospital_3,hospital,1D_AlexNet,homogeneous_25,FedAvg,,None,0.0,False,False,,19,18,1,15,0,1,3,0.7894736842105263,0.9375,0.8333333333333334,0.8333333333333334,0.0,0.8823529411764706,0.16666666666666666,0.9131616369812965,0.17037512977381764,0.28855474136377635,120257,0,2886168,43292520
homogeneous_fedavg_alexnet,42,ALL,macro,1D_AlexNet,homogeneous_25,FedAvg,,None,0.0,False,False,,109,55,54,49,41,13,6,0.8191526246446156,0.8098544973544973,0.8869047619047619,0.8869047619047619,0.5123809523809524,0.8407362945178072,0.6755158730158729,0.8923048967348371,0.13855451738602587,0.20573776580468742,120257,0,2886168,43292520
homogeneous_fedavg_alexnet,42,ALL,sample_weighted,1D_AlexNet,homogeneous_25,FedAvg,,None,0.0,False,False,,109,55,54,49,41,13,6,0.8256880733944955,0.7788244502694045,0.9003931847968545,0.9003931847968545,0.7592592592592593,0.8307433064969107,0.7974093490607252,0.888699883357057,0.1309499168055816,0.18574506666408766,120257,0,2886168,43292520
homogeneous_fedavg_resnet,42,hospital_1,hospital,1D_ResNet,homogeneous_25,FedAvg,,None,0.0,False,False,,46,21,25,19,17,8,2,0.782608695652174,0.7037037037037037,0.9047619047619048,0.9047619047619048,0.68,0.7916666666666666,0.9028571428571428,0.8857003320397647,0.15990168264885393,0.1718576043520285,244065,0,5857560,87863400
homogeneous_fedavg_resnet,42,hospital_2,hospital,1D_ResNet,homogeneous_25,FedAvg,,None,0.0,False,False,,44,16,28,12,24,4,4,0.8181818181818182,0.75,0.75,0.75,0.8571428571428571,0.75,0.8549107142857143,0.6855100259554089,0.1429778331167067,0.1479097394780679,244065,0,5857560,87863400
homogeneous_fedavg_resnet,42,hospital_3,hospital,1D_ResNet,homogeneous_25,FedAvg,,None,0.0,False,False,,19,18,1,10,0,1,8,0.5263157894736842,0.9090909090909091,0.5555555555555556,0.5555555555555556,0.0,0.6896551724137931,0.2777777777777778,0.9358468221664817,0.38997227205862295,0.4536153322183772,244065,0,5857560,87863400
homogeneous_fedavg_resnet,42,ALL,macro,1D_ResNet,homogeneous_25,FedAvg,,None,0.0,False,False,,109,55,54,41,41,13,14,0.7090354344358921,0.7875982042648709,0.7367724867724869,0.7367724867724869,0.5123809523809524,0.7437739463601533,0.6785152116402116,0.8356857267205519,0.23095059594139453,0.2577942253494912,244065,0,5857560,87863400
homogeneous_fedavg_resnet,42,ALL,sample_weighted,1D_ResNet,homogeneous_25,FedAvg,,None,0.0,False,False,,109,55,54,41,41,13,14,0.7522935779816514,0.7581935563586941,0.781418377748653,0.781418377748653,0.7592592592592593,0.7570652747020984,0.7745438328236494,0.8136306975874342,0.19317408466143313,0.211304308709885,244065,0,5857560,87863400
homogeneous_fedavg_alexnet,123,hospital_1,hospital,1D_AlexNet,homogeneous_25,FedAvg,,None,0.0,False,False,,46,21,25,20,17,8,1,0.8043478260869565,0.7142857142857143,0.9523809523809523,0.9523809523809523,0.68,0.8163265306122449,0.9580952380952381,0.9565409207265558,0.12186144059921065,0.15134785713061044,120257,0,2886168,43292520
homogeneous_fedavg_alexnet,123,hospital_2,hospital,1D_AlexNet,homogeneous_25,FedAvg,,None,0.0,False,False,,44,16,28,14,24,4,2,0.8636363636363636,0.7777777777777778,0.875,0.875,0.8571428571428571,0.8235294117647058,0.9017857142857143,0.8072121324966594,0.12342698178504931,0.17731069891967555,120257,0,2886168,43292520
homogeneous_fedavg_alexnet,123,hospital_3,hospital,1D_AlexNet,homogeneous_25,FedAvg,,None,0.0,False,False,,19,18,1,15,0,1,3,0.7894736842105263,0.9375,0.8333333333333334,0.8333333333333334,0.0,0.8823529411764706,0.16666666666666666,0.9131616369812965,0.17037512977381764,0.28855474136377635,120257,0,2886168,43292520
homogeneous_fedavg_alexnet,123,ALL,macro,1D_AlexNet,homogeneous_25,FedAvg,,None,0.0,False,False,,109,55,54,49,41,13,6,0.8191526246446156,0.8098544973544973,0.8869047619047619,0.8869047619047619,0.5123809523809524,0.8407362945178072,0.6755158730158729,0.8923048967348371,0.13855451738602587,0.20573776580468742,120257,0,2886168,43292520
homogeneous_fedavg_alexnet,123,ALL,sample_weighted,1D_AlexNet,homogeneous_25,FedAvg,,None,0.0,False,False,,109,55,54,49,41,13,6,0.8256880733944955,0.7788244502694045,0.9003931847968545,0.9003931847968545,0.7592592592592593,0.8307433064969107,0.7974093490607252,0.888699883357057,0.1309499168055816,0.18574506666408766,120257,0,2886168,43292520
homogeneous_fedavg_resnet,123,hospital_1,hospital,1D_ResNet,homogeneous_25,FedAvg,,None,0.0,False,False,,46,21,25,19,17,8,2,0.782608695652174,0.7037037037037037,0.9047619047619048,0.9047619047619048,0.68,0.7916666666666666,0.9028571428571428,0.8857003320397647,0.15990168264885393,0.1718576043520285,244065,0,5857560,87863400
homogeneous_fedavg_resnet,123,hospital_2,hospital,1D_ResNet,homogeneous_25,FedAvg,,None,0.0,False,False,,44,16,28,12,24,4,4,0.8181818181818182,0.75,0.75,0.75,0.8571428571428571,0.75,0.8549107142857143,0.6855100259554089,0.1429778331167067,0.1479097394780679,244065,0,5857560,87863400
homogeneous_fedavg_resnet,123,hospital_3,hospital,1D_ResNet,homogeneous_25,FedAvg,,None,0.0,False,False,,19,18,1,10,0,1,8,0.5263157894736842,0.9090909090909091,0.5555555555555556,0.5555555555555556,0.0,0.6896551724137931,0.2777777777777778,0.9358468221664817,0.38997227205862295,0.4536153322183772,244065,0,5857560,87863400
homogeneous_fedavg_resnet,123,ALL,macro,1D_ResNet,homogeneous_25,FedAvg,,None,0.0,False,False,,109,55,54,41,41,13,14,0.7090354344358921,0.7875982042648709,0.7367724867724869,0.7367724867724869,0.5123809523809524,0.7437739463601533,0.6785152116402116,0.8356857267205519,0.23095059594139453,0.2577942253494912,244065,0,5857560,87863400
homogeneous_fedavg_resnet,123,ALL,sample_weighted,1D_ResNet,homogeneous_25,FedAvg,,None,0.0,False,False,,109,55,54,41,41,13,14,0.7522935779816514,0.7581935563586941,0.781418377748653,0.781418377748653,0.7592592592592593,0.7570652747020984,0.7745438328236494,0.8136306975874342,0.19317408466143313,0.211304308709885,244065,0,5857560,87863400
homogeneous_fedavg_alexnet,2026,hospital_1,hospital,1D_AlexNet,homogeneous_25,FedAvg,,None,0.0,False,False,,46,21,25,20,17,8,1,0.8043478260869565,0.7142857142857143,0.9523809523809523,0.9523809523809523,0.68,0.8163265306122449,0.9580952380952381,0.9565409207265558,0.12186144059921065,0.15134785713061044,120257,0,2886168,43292520
homogeneous_fedavg_alexnet,2026,hospital_2,hospital,1D_AlexNet,homogeneous_25,FedAvg,,None,0.0,False,False,,44,16,28,14,24,4,2,0.8636363636363636,0.7777777777777778,0.875,0.875,0.8571428571428571,0.8235294117647058,0.9017857142857143,0.8072121324966594,0.12342698178504931,0.17731069891967555,120257,0,2886168,43292520
homogeneous_fedavg_alexnet,2026,hospital_3,hospital,1D_AlexNet,homogeneous_25,FedAvg,,None,0.0,False,False,,19,18,1,15,0,1,3,0.7894736842105263,0.9375,0.8333333333333334,0.8333333333333334,0.0,0.8823529411764706,0.16666666666666666,0.9131616369812965,0.17037512977381764,0.28855474136377635,120257,0,2886168,43292520
homogeneous_fedavg_alexnet,2026,ALL,macro,1D_AlexNet,homogeneous_25,FedAvg,,None,0.0,False,False,,109,55,54,49,41,13,6,0.8191526246446156,0.8098544973544973,0.8869047619047619,0.8869047619047619,0.5123809523809524,0.8407362945178072,0.6755158730158729,0.8923048967348371,0.13855451738602587,0.20573776580468742,120257,0,2886168,43292520
homogeneous_fedavg_alexnet,2026,ALL,sample_weighted,1D_AlexNet,homogeneous_25,FedAvg,,None,0.0,False,False,,109,55,54,49,41,13,6,0.8256880733944955,0.7788244502694045,0.9003931847968545,0.9003931847968545,0.7592592592592593,0.8307433064969107,0.7974093490607252,0.888699883357057,0.1309499168055816,0.18574506666408766,120257,0,2886168,43292520
homogeneous_fedavg_resnet,2026,hospital_1,hospital,1D_ResNet,homogeneous_25,FedAvg,,None,0.0,False,False,,46,21,25,19,17,8,2,0.782608695652174,0.7037037037037037,0.9047619047619048,0.9047619047619048,0.68,0.7916666666666666,0.9028571428571428,0.8857003320397647,0.15990168264885393,0.1718576043520285,244065,0,5857560,87863400
homogeneous_fedavg_resnet,2026,hospital_2,hospital,1D_ResNet,homogeneous_25,FedAvg,,None,0.0,False,False,,44,16,28,12,24,4,4,0.8181818181818182,0.75,0.75,0.75,0.8571428571428571,0.75,0.8549107142857143,0.6855100259554089,0.1429778331167067,0.1479097394780679,244065,0,5857560,87863400
homogeneous_fedavg_resnet,2026,hospital_3,hospital,1D_ResNet,homogeneous_25,FedAvg,,None,0.0,False,False,,19,18,1,10,0,1,8,0.5263157894736842,0.9090909090909091,0.5555555555555556,0.5555555555555556,0.0,0.6896551724137931,0.2777777777777778,0.9358468221664817,0.38997227205862295,0.4536153322183772,244065,0,5857560,87863400
homogeneous_fedavg_resnet,2026,ALL,macro,1D_ResNet,homogeneous_25,FedAvg,,None,0.0,False,False,,109,55,54,41,41,13,14,0.7090354344358921,0.7875982042648709,0.7367724867724869,0.7367724867724869,0.5123809523809524,0.7437739463601533,0.6785152116402116,0.8356857267205519,0.23095059594139453,0.2577942253494912,244065,0,5857560,87863400
homogeneous_fedavg_resnet,2026,ALL,sample_weighted,1D_ResNet,homogeneous_25,FedAvg,,None,0.0,False,False,,109,55,54,41,41,13,14,0.7522935779816514,0.7581935563586941,0.781418377748653,0.781418377748653,0.7592592592592593,0.7570652747020984,0.7745438328236494,0.8136306975874342,0.19317408466143313,0.211304308709885,244065,0,5857560,87863400
heterogeneous_fedavg_mlp,42,hospital_1,hospital,Heterogeneous_Composite_MLP,heterogeneous_native,FedAvg,32.0,2_Layer_MLP,0.0,False,False,,46,21,25,18,21,4,3,0.8478260869565217,0.8181818181818182,0.8571428571428571,0.8571428571428571,0.84,0.8372093023255814,0.9371428571428572,0.942050938984081,0.11360496215179018,0.08742605003973714,1089,3744,26136,392040
heterogeneous_fedavg_mlp,42,hospital_2,hospital,Heterogeneous_Composite_MLP,heterogeneous_native,FedAvg,32.0,2_Layer_MLP,0.0,False,False,,44,16,28,13,23,5,3,0.8181818181818182,0.7222222222222222,0.8125,0.8125,0.8214285714285714,0.7647058823529411,0.890625,0.8206577633967339,0.14202579146988845,0.14047029910778458,1089,3744,26136,392040
heterogeneous_fedavg_mlp,42,hospital_3,hospital,Heterogeneous_Composite_MLP,heterogeneous_native,FedAvg,32.0,2_Layer_MLP,0.0,False,False,,19,18,1,17,0,1,1,0.8947368421052632,0.9444444444444444,0.9444444444444444,0.9444444444444444,0.0,0.9444444444444444,0.25,0.931217192536852,0.08658332807332685,0.09410775884201654,1089,3744,26136,392040
heterogeneous_fedavg_mlp,42,ALL,macro,Heterogeneous_Composite_MLP,heterogeneous_native,FedAvg,32.0,2_Layer_MLP,0.0,False,False,,109,55,54,48,44,10,7,0.8535815824145344,0.8282828282828283,0.8713624338624338,0.8713624338624338,0.5538095238095239,0.848786543040989,0.6925892857142858,0.897975298305889,0.11407136056500183,0.10733470266317942,1089,3744,26136,392040
heterogeneous_fedavg_mlp,42,ALL,sample_weighted,Heterogeneous_Composite_MLP,heterogeneous_native,FedAvg,32.0,2_Layer_MLP,0.0,False,False,,109,55,54,48,44,10,7,0.8440366972477065,0.8014549161338154,0.8543395951652831,0.8543395951652831,0.8148148148148148,0.8266342309628496,0.7985878112712974,0.8911597379901304,0.1203673974041344,0.11000310899604351,1089,3744,26136,392040
heterogeneous_fedavg_mlp,123,hospital_1,hospital,Heterogeneous_Composite_MLP,heterogeneous_native,FedAvg,32.0,2_Layer_MLP,0.0,False,False,,46,21,25,19,21,4,2,0.8695652173913043,0.8260869565217391,0.9047619047619048,0.9047619047619048,0.84,0.8636363636363636,0.9447619047619048,0.9550157210558217,0.09560926385710934,0.1065921599612288,1089,3744,26136,392040
heterogeneous_fedavg_mlp,123,hospital_2,hospital,Heterogeneous_Composite_MLP,heterogeneous_native,FedAvg,32.0,2_Layer_MLP,0.0,False,False,,44,16,28,13,24,4,3,0.8409090909090909,0.7647058823529411,0.8125,0.8125,0.8571428571428571,0.7878787878787878,0.9084821428571428,0.8457282646203388,0.12977945386451725,0.13303078901530666,1089,3744,26136,392040
heterogeneous_fedavg_mlp,123,hospital_3,hospital,Heterogeneous_Composite_MLP,heterogeneous_native,FedAvg,32.0,2_Layer_MLP,0.0,False,False,,19,18,1,17,0,1,1,0.8947368421052632,0.9444444444444444,0.9444444444444444,0.9444444444444444,0.0,0.9444444444444444,0.0,0.8321431184627779,0.07428884066985475,0.08310492728885853,1089,3744,26136,392040
heterogeneous_fedavg_mlp,123,ALL,macro,Heterogeneous_Composite_MLP,heterogeneous_native,FedAvg,32.0,2_Layer_MLP,0.0,False,False,,109,55,54,49,45,9,6,0.8684037168018861,0.8450790944397083,0.8872354497354497,0.8872354497354497,0.5657142857142857,0.8653198653198654,0.6177480158730159,0.8776290347129795,0.09989251946382711,0.10757595875513133,1089,3744,26136,392040
heterogeneous_fedavg_mlp,123,ALL,sample_weighted,Heterogeneous_Composite_MLP,heterogeneous_native,FedAvg,32.0,2_Layer_MLP,0.0,False,False,,109,55,54,49,45,9,6,0.8623853211009175,0.8219403969538885,0.8744357070045143,0.8744357070045143,0.8333333333333334,0.8471411361319617,0.7654335954565312,0.8894815235106008,0.10568633101094521,0.11317052929704889,1089,3744,26136,392040
heterogeneous_fedavg_mlp,2026,hospital_1,hospital,Heterogeneous_Composite_MLP,heterogeneous_native,FedAvg,32.0,2_Layer_MLP,0.0,False,False,,46,21,25,20,19,6,1,0.8478260869565217,0.7692307692307693,0.9523809523809523,0.9523809523809523,0.76,0.851063829787234,0.9523809523809523,0.9570787302971027,0.11191538668516177,0.1649422587259956,1089,3744,26136,392040
heterogeneous_fedavg_mlp,2026,hospital_2,hospital,Heterogeneous_Composite_MLP,heterogeneous_native,FedAvg,32.0,2_Layer_MLP,0.0,False,False,,44,16,28,8,25,3,8,0.75,0.7272727272727273,0.5,0.5,0.8928571428571429,0.5925925925925926,0.90625,0.8476883634497486,0.14270197568990864,0.18704292144287715,1089,3744,26136,392040
heterogeneous_fedavg_mlp,2026,hospital_3,hospital,Heterogeneous_Composite_MLP,heterogeneous_native,FedAvg,32.0,2_Layer_MLP,0.0,False,False,,19,18,1,18,0,1,0,0.9473684210526315,0.9473684210526315,1.0,1.0,0.0,0.972972972972973,0.2777777777777778,0.9358468221664817,0.06658899235180782,0.11387944221496582,1089,3744,26136,392040
heterogeneous_fedavg_mlp,2026,ALL,macro,Heterogeneous_Composite_MLP,heterogeneous_native,FedAvg,32.0,2_Layer_MLP,0.0,False,False,,109,55,54,46,44,10,9,0.8483981693363845,0.8146239725187093,0.8174603174603176,0.8174603174603176,0.550952380952381,0.8055431317842666,0.7121362433862434,0.913537971971111,0.1070687849089594,0.15528820746127953,1089,3744,26136,392040
heterogeneous_fedavg_mlp,2026,ALL,sample_weighted,Heterogeneous_Composite_MLP,heterogeneous_native,FedAvg,32.0,2_Layer_MLP,0.0,False,False,,109,55,54,46,44,10,9,0.8256880733944955,0.7833450952717008,0.7780690257754478,0.7780690257754478,0.8148148148148148,0.7679770342272783,0.8161679044706567,0.9092201762075119,0.11644206947300705,0.164962769238227,1089,3744,26136,392040
heterogeneous_fedprox_mlp_mu_0001,42,hospital_1,hospital,Heterogeneous_Composite_MLP,heterogeneous_native,FedProx,32.0,2_Layer_MLP,0.001,False,False,,46,21,25,18,21,4,3,0.8478260869565217,0.8181818181818182,0.8571428571428571,0.8571428571428571,0.84,0.8372093023255814,0.9371428571428572,0.942050938984081,0.11284302640941872,0.08835397369187811,1089,3744,26136,392040
heterogeneous_fedprox_mlp_mu_0001,42,hospital_2,hospital,Heterogeneous_Composite_MLP,heterogeneous_native,FedProx,32.0,2_Layer_MLP,0.001,False,False,,44,16,28,13,24,4,3,0.8409090909090909,0.7647058823529411,0.8125,0.8125,0.8571428571428571,0.7878787878787878,0.890625,0.8206577633967339,0.14164104044549508,0.15572651086205785,1089,3744,26136,392040
heterogeneous_fedprox_mlp_mu_0001,42,hospital_3,hospital,Heterogeneous_Composite_MLP,heterogeneous_native,FedProx,32.0,2_Layer_MLP,0.001,False,False,,19,18,1,17,0,1,1,0.8947368421052632,0.9444444444444444,0.9444444444444444,0.9444444444444444,0.0,0.9444444444444444,0.2777777777777778,0.9358468221664817,0.0862877810714247,0.09402093056001162,1089,3744,26136,392040
heterogeneous_fedprox_mlp_mu_0001,42,ALL,macro,Heterogeneous_Composite_MLP,heterogeneous_native,FedProx,32.0,2_Layer_MLP,0.001,False,False,,109,55,54,48,45,9,7,0.861157339990292,0.8424440483264014,0.8713624338624338,0.8713624338624338,0.5657142857142857,0.8565108448829379,0.701848544973545,0.8995185081824322,0.11359061597544617,0.1127004717046492,1089,3744,26136,392040
heterogeneous_fedprox_mlp_mu_0001,42,ALL,sample_weighted,Heterogeneous_Composite_MLP,heterogeneous_native,FedProx,32.0,2_Layer_MLP,0.001,False,False,,109,55,54,48,45,9,7,0.8532110091743119,0.818604283526032,0.8543395951652831,0.8543395951652831,0.8333333333333334,0.8359884313586042,0.8034298092325615,0.891966737650341,0.11983901683295517,0.11653804539813908,1089,3744,26136,392040
heterogeneous_fedprox_mlp_mu_001,42,hospital_1,hospital,Heterogeneous_Composite_MLP,heterogeneous_native,FedProx,32.0,2_Layer_MLP,0.01,False,False,,46,21,25,18,21,4,3,0.8478260869565217,0.8181818181818182,0.8571428571428571,0.8571428571428571,0.84,0.8372093023255814,0.939047619047619,0.9422822482910205,0.11210122407960225,0.11827637627720831,1089,3744,26136,392040
heterogeneous_fedprox_mlp_mu_001,42,hospital_2,hospital,Heterogeneous_Composite_MLP,heterogeneous_native,FedProx,32.0,2_Layer_MLP,0.01,False,False,,44,16,28,13,24,4,3,0.8409090909090909,0.7647058823529411,0.8125,0.8125,0.8571428571428571,0.7878787878787878,0.890625,0.8206577633967339,0.14231282267755824,0.1562142054211687,1089,3744,26136,392040
heterogeneous_fedprox_mlp_mu_001,42,hospital_3,hospital,Heterogeneous_Composite_MLP,heterogeneous_native,FedProx,32.0,2_Layer_MLP,0.01,False,False,,19,18,1,17,0,1,1,0.8947368421052632,0.9444444444444444,0.9444444444444444,0.9444444444444444,0.0,0.9444444444444444,0.2777777777777778,0.9358468221664817,0.08678570757582,0.09424891048356109,1089,3744,26136,392040
heterogeneous_fedprox_mlp_mu_001,42,ALL,macro,Heterogeneous_Composite_MLP,heterogeneous_native,FedProx,32.0,2_Layer_MLP,0.01,False,False,,109,55,54,48,45,9,7,0.861157339990292,0.8424440483264014,0.8713624338624338,0.8713624338624338,0.5657142857142857,0.8565108448829379,0.7024834656084655,0.8995956112847453,0.11373325144432683,0.12291316406064605,1089,3744,26136,392040
heterogeneous_fedprox_mlp_mu_001,42,ALL,sample_weighted,Heterogeneous_Composite_MLP,heterogeneous_native,FedProx,32.0,2_Layer_MLP,0.01,False,False,,109,55,54,48,45,9,7,0.8532110091743119,0.818604283526032,0.8543395951652831,0.8543395951652831,0.8333333333333334,0.8359884313586042,0.8042336537061308,0.892064354422077,0.11988393531573253,0.12940245547220794,1089,3744,26136,392040
heterogeneous_fedprox_mlp_mu_01,42,hospital_1,hospital,Heterogeneous_Composite_MLP,heterogeneous_native,FedProx,32.0,2_Layer_MLP,0.1,False,False,,46,21,25,18,21,4,3,0.8478260869565217,0.8181818181818182,0.8571428571428571,0.8571428571428571,0.84,0.8372093023255814,0.9428571428571428,0.9475591484625421,0.10668753963547736,0.08833208331919234,1089,3744,26136,392040
heterogeneous_fedprox_mlp_mu_01,42,hospital_2,hospital,Heterogeneous_Composite_MLP,heterogeneous_native,FedProx,32.0,2_Layer_MLP,0.1,False,False,,44,16,28,13,24,4,3,0.8409090909090909,0.7647058823529411,0.8125,0.8125,0.8571428571428571,0.7878787878787878,0.8950892857142856,0.8272752778267485,0.13775377089806942,0.15696122598919002,1089,3744,26136,392040
heterogeneous_fedprox_mlp_mu_01,42,hospital_3,hospital,Heterogeneous_Composite_MLP,heterogeneous_native,FedProx,32.0,2_Layer_MLP,0.1,False,False,,19,18,1,17,0,1,1,0.8947368421052632,0.9444444444444444,0.9444444444444444,0.9444444444444444,0.0,0.9444444444444444,0.2777777777777778,0.9358468221664817,0.07885204156080838,0.08864845570765045,1089,3744,26136,392040
heterogeneous_fedprox_mlp_mu_01,42,ALL,macro,Heterogeneous_Composite_MLP,heterogeneous_native,FedProx,32.0,2_Layer_MLP,0.1,False,False,,109,55,54,48,45,9,7,0.861157339990292,0.8424440483264014,0.8713624338624338,0.8713624338624338,0.5657142857142857,0.8565108448829379,0.7052414021164021,0.9035604161519242,0.1077644506981184,0.11131392167201093,1089,3744,26136,392040
heterogeneous_fedprox_mlp_mu_01,42,ALL,sample_weighted,Heterogeneous_Composite_MLP,heterogeneous_native,FedProx,32.0,2_Layer_MLP,0.1,False,False,,109,55,54,48,45,9,7,0.8532110091743119,0.818604283526032,0.8543395951652831,0.8543395951652831,0.8333333333333334,0.8359884313586042,0.8076434396388525,0.8969625933469452,0.11437597736148965,0.11609073793259236,1089,3744,26136,392040
heterogeneous_fedprox_mlp_mu_0001,123,hospital_1,hospital,Heterogeneous_Composite_MLP,heterogeneous_native,FedProx,32.0,2_Layer_MLP,0.001,False,False,,46,21,25,19,22,3,2,0.8913043478260869,0.8636363636363636,0.9047619047619048,0.9047619047619048,0.88,0.8837209302325582,0.9447619047619048,0.9550157210558217,0.095668941924324,0.10650347136770902,1089,3744,26136,392040
heterogeneous_fedprox_mlp_mu_0001,123,hospital_2,hospital,Heterogeneous_Composite_MLP,heterogeneous_native,FedProx,32.0,2_Layer_MLP,0.001,False,False,,44,16,28,13,24,4,3,0.8409090909090909,0.7647058823529411,0.8125,0.8125,0.8571428571428571,0.7878787878787878,0.90625,0.843389083333789,0.12880741362227907,0.1363564726303924,1089,3744,26136,392040
heterogeneous_fedprox_mlp_mu_0001,123,hospital_3,hospital,Heterogeneous_Composite_MLP,heterogeneous_native,FedProx,32.0,2_Layer_MLP,0.001,False,False,,19,18,1,17,0,1,1,0.8947368421052632,0.9444444444444444,0.9444444444444444,0.9444444444444444,0.0,0.9444444444444444,0.0,0.8321431184627779,0.07443824694684449,0.08331675749076042,1089,3744,26136,392040
heterogeneous_fedprox_mlp_mu_0001,123,ALL,macro,Heterogeneous_Composite_MLP,heterogeneous_native,FedProx,32.0,2_Layer_MLP,0.001,False,False,,109,55,54,49,46,8,6,0.8756500936134803,0.8575955634779163,0.8872354497354497,0.8872354497354497,0.579047619047619,0.8720147208519302,0.6170039682539682,0.8768493076174627,0.09963820083114917,0.10872556716295395,1089,3744,26136,392040
heterogeneous_fedprox_mlp_mu_0001,123,ALL,sample_weighted,Heterogeneous_Composite_MLP,heterogeneous_native,FedProx,32.0,2_Layer_MLP,0.001,False,False,,109,55,54,49,46,8,6,0.8715596330275229,0.8377869357362072,0.8744357070045143,0.8744357070045143,0.8518518518518519,0.8556171917597136,0.7645325469637396,0.8885372668444705,0.10534517632925898,0.11451250340345256,1089,3744,26136,392040
heterogeneous_fedprox_mlp_mu_001,123,hospital_1,hospital,Heterogeneous_Composite_MLP,heterogeneous_native,FedProx,32.0,2_Layer_MLP,0.01,False,False,,46,21,25,19,22,3,2,0.8913043478260869,0.8636363636363636,0.9047619047619048,0.9047619047619048,0.88,0.8837209302325582,0.9447619047619048,0.9550157210558217,0.09530156330970171,0.10715414664667586,1089,3744,26136,392040
heterogeneous_fedprox_mlp_mu_001,123,hospital_2,hospital,Heterogeneous_Composite_MLP,heterogeneous_native,FedProx,32.0,2_Layer_MLP,0.01,False,False,,44,16,28,13,24,4,3,0.8409090909090909,0.7647058823529411,0.8125,0.8125,0.8571428571428571,0.7878787878787878,0.90625,0.843389083333789,0.12951502293357503,0.1380123170092702,1089,3744,26136,392040
heterogeneous_fedprox_mlp_mu_001,123,hospital_3,hospital,Heterogeneous_Composite_MLP,heterogeneous_native,FedProx,32.0,2_Layer_MLP,0.01,False,False,,19,18,1,17,0,1,1,0.8947368421052632,0.9444444444444444,0.9444444444444444,0.9444444444444444,0.0,0.9444444444444444,0.0,0.8321431184627779,0.0728406075795518,0.08209818131045293,1089,3744,26136,392040
heterogeneous_fedprox_mlp_mu_001,123,ALL,macro,Heterogeneous_Composite_MLP,heterogeneous_native,FedProx,32.0,2_Layer_MLP,0.01,False,False,,109,55,54,49,46,8,6,0.8756500936134803,0.8575955634779163,0.8872354497354497,0.8872354497354497,0.579047619047619,0.8720147208519302,0.6170039682539682,0.8768493076174627,0.0992190646076095,0.10908821498879966,1089,3744,26136,392040
heterogeneous_fedprox_mlp_mu_001,123,ALL,sample_weighted,Heterogeneous_Composite_MLP,heterogeneous_native,FedProx,32.0,2_Layer_MLP,0.01,False,False,,109,55,54,49,46,8,6,0.8715596330275229,0.8377869357362072,0.8744357070045143,0.8744357070045143,0.8518518518518519,0.8556171917597136,0.7645325469637396,0.8885372668444705,0.10519728867279875,0.11524310219315213,1089,3744,26136,392040
heterogeneous_fedprox_mlp_mu_01,123,hospital_1,hospital,Heterogeneous_Composite_MLP,heterogeneous_native,FedProx,32.0,2_Layer_MLP,0.1,False,False,,46,21,25,19,21,4,2,0.8695652173913043,0.8260869565217391,0.9047619047619048,0.9047619047619048,0.84,0.8636363636363636,0.9504761904761905,0.9587934784050076,0.10022281138688353,0.10751312521650741,1089,3744,26136,392040
heterogeneous_fedprox_mlp_mu_01,123,hospital_2,hospital,Heterogeneous_Composite_MLP,heterogeneous_native,FedProx,32.0,2_Layer_MLP,0.1,False,False,,44,16,28,13,24,4,3,0.8409090909090909,0.7647058823529411,0.8125,0.8125,0.8571428571428571,0.7878787878787878,0.9107142857142857,0.8450791658921855,0.12483283457938475,0.10040876413272187,1089,3744,26136,392040
heterogeneous_fedprox_mlp_mu_01,123,hospital_3,hospital,Heterogeneous_Composite_MLP,heterogeneous_native,FedProx,32.0,2_Layer_MLP,0.1,False,False,,19,18,1,17,0,1,1,0.8947368421052632,0.9444444444444444,0.9444444444444444,0.9444444444444444,0.0,0.9444444444444444,0.0,0.8321431184627779,0.08118553661397038,0.08825749472567912,1089,3744,26136,392040
heterogeneous_fedprox_mlp_mu_01,123,ALL,macro,Heterogeneous_Composite_MLP,heterogeneous_native,FedProx,32.0,2_Layer_MLP,0.1,False,False,,109,55,54,49,45,9,6,0.8684037168018861,0.8450790944397083,0.8872354497354497,0.8872354497354497,0.5657142857142857,0.8653198653198654,0.6203968253968254,0.8786719209199904,0.1020803941934129,0.0987264613583028,1089,3744,26136,392040
heterogeneous_fedprox_mlp_mu_01,123,ALL,sample_weighted,Heterogeneous_Composite_MLP,heterogeneous_native,FedProx,32.0,2_Layer_MLP,0.1,False,False,,109,55,54,49,45,9,6,0.8623853211009175,0.8219403969538885,0.8744357070045143,0.8744357070045143,0.8333333333333334,0.8471411361319617,0.7687461773700305,0.8908137849236631,0.10683870863261474,0.10128882368428446,1089,3744,26136,392040
heterogeneous_fedprox_mlp_mu_0001,2026,hospital_1,hospital,Heterogeneous_Composite_MLP,heterogeneous_native,FedProx,32.0,2_Layer_MLP,0.001,False,False,,46,21,25,20,19,6,1,0.8478260869565217,0.7692307692307693,0.9523809523809523,0.9523809523809523,0.76,0.851063829787234,0.9523809523809523,0.9570787302971027,0.11120291641259579,0.170726650920899,1089,3744,26136,392040
heterogeneous_fedprox_mlp_mu_0001,2026,hospital_2,hospital,Heterogeneous_Composite_MLP,heterogeneous_native,FedProx,32.0,2_Layer_MLP,0.001,False,False,,44,16,28,8,25,3,8,0.75,0.7272727272727273,0.5,0.5,0.8928571428571429,0.5925925925925926,0.9040178571428572,0.8447650587111866,0.14250472994025137,0.18617272546345537,1089,3744,26136,392040
heterogeneous_fedprox_mlp_mu_0001,2026,hospital_3,hospital,Heterogeneous_Composite_MLP,heterogeneous_native,FedProx,32.0,2_Layer_MLP,0.001,False,False,,19,18,1,18,0,1,0,0.9473684210526315,0.9473684210526315,1.0,1.0,0.0,0.972972972972973,0.2777777777777778,0.9358468221664817,0.06581755672443784,0.11033990508631655,1089,3744,26136,392040
heterogeneous_fedprox_mlp_mu_0001,2026,ALL,macro,Heterogeneous_Composite_MLP,heterogeneous_native,FedProx,32.0,2_Layer_MLP,0.001,False,False,,109,55,54,46,44,10,9,0.8483981693363845,0.8146239725187093,0.8174603174603176,0.8174603174603176,0.550952380952381,0.8055431317842666,0.7113921957671958,0.912563537058257,0.10650840102576166,0.15574642715689033,1089,3744,26136,392040
heterogeneous_fedprox_mlp_mu_0001,2026,ALL,sample_weighted,Heterogeneous_Composite_MLP,heterogeneous_native,FedProx,32.0,2_Layer_MLP,0.001,False,False,,109,55,54,46,44,10,9,0.8256880733944955,0.7833450952717008,0.7780690257754478,0.7780690257754478,0.8148148148148148,0.7679770342272783,0.8152668559778651,0.9080401265882758,0.11592730137719987,0.16643563357241656,1089,3744,26136,392040
heterogeneous_fedprox_mlp_mu_001,2026,hospital_1,hospital,Heterogeneous_Composite_MLP,heterogeneous_native,FedProx,32.0,2_Layer_MLP,0.01,False,False,,46,21,25,20,19,6,1,0.8478260869565217,0.7692307692307693,0.9523809523809523,0.9523809523809523,0.76,0.851063829787234,0.9523809523809523,0.9570787302971027,0.11059354190768467,0.16886960034785065,1089,3744,26136,392040
heterogeneous_fedprox_mlp_mu_001,2026,hospital_2,hospital,Heterogeneous_Composite_MLP,heterogeneous_native,FedProx,32.0,2_Layer_MLP,0.01,False,False,,44,16,28,8,25,3,8,0.75,0.7272727272727273,0.5,0.5,0.8928571428571429,0.5925925925925926,0.90625,0.8476883634497486,0.14179359464399316,0.18469623781063338,1089,3744,26136,392040
heterogeneous_fedprox_mlp_mu_001,2026,hospital_3,hospital,Heterogeneous_Composite_MLP,heterogeneous_native,FedProx,32.0,2_Layer_MLP,0.01,False,False,,19,18,1,18,0,1,0,0.9473684210526315,0.9473684210526315,1.0,1.0,0.0,0.972972972972973,0.2777777777777778,0.9358468221664817,0.06518689455327513,0.10752499417254799,1089,3744,26136,392040
heterogeneous_fedprox_mlp_mu_001,2026,ALL,macro,Heterogeneous_Composite_MLP,heterogeneous_native,FedProx,32.0,2_Layer_MLP,0.01,False,False,,109,55,54,46,44,10,9,0.8483981693363845,0.8146239725187093,0.8174603174603176,0.8174603174603176,0.550952380952381,0.8055431317842666,0.7121362433862434,0.913537971971111,0.10585801036831766,0.15369694411034399,1089,3744,26136,392040
heterogeneous_fedprox_mlp_mu_001,2026,ALL,sample_weighted,Heterogeneous_Composite_MLP,heterogeneous_native,FedProx,32.0,2_Layer_MLP,0.01,False,False,,109,55,54,46,44,10,9,0.8256880733944955,0.7833450952717008,0.7780690257754478,0.7780690257754478,0.8148148148148148,0.7679770342272783,0.8161679044706567,0.9092201762075119,0.11527313842753598,0.16456523824722394,1089,3744,26136,392040
heterogeneous_fedprox_mlp_mu_01,2026,hospital_1,hospital,Heterogeneous_Composite_MLP,heterogeneous_native,FedProx,32.0,2_Layer_MLP,0.1,False,False,,46,21,25,20,19,6,1,0.8478260869565217,0.7692307692307693,0.9523809523809523,0.9523809523809523,0.76,0.851063829787234,0.9523809523809523,0.9570787302971027,0.11235859520809288,0.16965717595556506,1089,3744,26136,392040
heterogeneous_fedprox_mlp_mu_01,2026,hospital_2,hospital,Heterogeneous_Composite_MLP,heterogeneous_native,FedProx,32.0,2_Layer_MLP,0.1,False,False,,44,16,28,8,25,3,8,0.75,0.7272727272727273,0.5,0.5,0.8928571428571429,0.5925925925925926,0.90625,0.8476883634497486,0.14458628587586198,0.19394213706254956,1089,3744,26136,392040
heterogeneous_fedprox_mlp_mu_01,2026,hospital_3,hospital,Heterogeneous_Composite_MLP,heterogeneous_native,FedProx,32.0,2_Layer_MLP,0.1,False,False,,19,18,1,18,0,1,0,0.9473684210526315,0.9473684210526315,1.0,1.0,0.0,0.972972972972973,0.2777777777777778,0.9358468221664817,0.0669522424677402,0.11634030781294169,1089,3744,26136,392040
heterogeneous_fedprox_mlp_mu_01,2026,ALL,macro,Heterogeneous_Composite_MLP,heterogeneous_native,FedProx,32.0,2_Layer_MLP,0.1,False,False,,109,55,54,46,44,10,9,0.8483981693363845,0.8146239725187093,0.8174603174603176,0.8174603174603176,0.550952380952381,0.8055431317842666,0.7121362433862434,0.913537971971111,0.10796570785056503,0.15997987361035212,1089,3744,26136,392040
heterogeneous_fedprox_mlp_mu_01,2026,ALL,sample_weighted,Heterogeneous_Composite_MLP,heterogeneous_native,FedProx,32.0,2_Layer_MLP,0.1,False,False,,109,55,54,46,44,10,9,0.8256880733944955,0.7833450952717008,0.7780690257754478,0.7780690257754478,0.8148148148148148,0.7679770342272783,0.8161679044706567,0.9092201762075119,0.11745306940364461,0.1701665135151749,1089,3744,26136,392040
heterogeneous_fedadam_mlp,42,hospital_1,hospital,Heterogeneous_Composite_MLP,heterogeneous_native,FedAdam,32.0,2_Layer_MLP,0.0,False,False,,46,21,25,17,22,3,4,0.8478260869565217,0.85,0.8095238095238095,0.8095238095238095,0.88,0.8292682926829268,0.9085714285714285,0.9065594612683687,0.13455557390996709,0.13999208299767063,1089,3744,26136,392040
heterogeneous_fedadam_mlp,42,hospital_2,hospital,Heterogeneous_Composite_MLP,heterogeneous_native,FedAdam,32.0,2_Layer_MLP,0.0,False,False,,44,16,28,12,22,6,4,0.7727272727272727,0.6666666666666666,0.75,0.75,0.7857142857142857,0.7058823529411765,0.8660714285714286,0.7604204401687344,0.18409924600133393,0.18539784306829626,1089,3744,26136,392040
heterogeneous_fedadam_mlp,42,hospital_3,hospital,Heterogeneous_Composite_MLP,heterogeneous_native,FedAdam,32.0,2_Layer_MLP,0.0,False,False,,19,18,1,17,0,1,1,0.8947368421052632,0.9444444444444444,0.9444444444444444,0.9444444444444444,0.0,0.9444444444444444,0.3611111111111111,0.9572133799913728,0.1050599817592297,0.10513848487263253,1089,3744,26136,392040
heterogeneous_fedadam_mlp,42,ALL,macro,Heterogeneous_Composite_MLP,heterogeneous_native,FedAdam,32.0,2_Layer_MLP,0.0,False,False,,109,55,54,46,44,10,9,0.8384300672630193,0.8203703703703704,0.8346560846560847,0.8346560846560847,0.5552380952380952,0.826531696689516,0.7119179894179894,0.874731093809492,0.14123826722351024,0.14350947031286646,1089,3744,26136,392040
heterogeneous_fedadam_mlp,42,ALL,sample_weighted,Heterogeneous_Composite_MLP,heterogeneous_native,FedAdam,32.0,2_Layer_MLP,0.0,False,False,,109,55,54,46,44,10,9,0.8256880733944955,0.7924566768603466,0.809014125527887,0.809014125527887,0.8148148148148148,0.7995377012593655,0.7959866025921072,0.8563971450055538,0.14941342089305085,0.1522456158300725,1089,3744,26136,392040
heterogeneous_fedadam_mlp,123,hospital_1,hospital,Heterogeneous_Composite_MLP,heterogeneous_native,FedAdam,32.0,2_Layer_MLP,0.0,False,False,,46,21,25,18,23,2,3,0.8913043478260869,0.9,0.8571428571428571,0.8571428571428571,0.92,0.8780487804878049,0.9428571428571428,0.9512345138017482,0.10032652365550786,0.11301152501255274,1089,3744,26136,392040
heterogeneous_fedadam_mlp,123,hospital_2,hospital,Heterogeneous_Composite_MLP,heterogeneous_native,FedAdam,32.0,2_Layer_MLP,0.0,False,False,,44,16,28,12,24,4,4,0.8181818181818182,0.75,0.75,0.75,0.8571428571428571,0.75,0.8950892857142858,0.8231606492635904,0.13459992572638546,0.1336759192107076,1089,3744,26136,392040
heterogeneous_fedadam_mlp,123,hospital_3,hospital,Heterogeneous_Composite_MLP,heterogeneous_native,FedAdam,32.0,2_Layer_MLP,0.0,False,False,,19,18,1,17,0,1,1,0.8947368421052632,0.9444444444444444,0.9444444444444444,0.9444444444444444,0.0,0.9444444444444444,0.027777777777777776,0.8589949703146297,0.0975973971911956,0.09994389979462875,1089,3744,26136,392040
heterogeneous_fedadam_mlp,123,ALL,macro,Heterogeneous_Composite_MLP,heterogeneous_native,FedAdam,32.0,2_Layer_MLP,0.0,False,False,,109,55,54,47,47,7,8,0.8680743360377229,0.8648148148148147,0.8505291005291005,0.8505291005291005,0.5923809523809523,0.8574977416440831,0.6219080687830688,0.8777967111266561,0.11084128219102964,0.11554378133929637,1089,3744,26136,392040
heterogeneous_fedadam_mlp,123,ALL,sample_weighted,Heterogeneous_Composite_MLP,heterogeneous_native,FedAdam,32.0,2_Layer_MLP,0.0,False,False,,109,55,54,47,47,7,8,0.8623853211009175,0.8471967380224261,0.829110237367118,0.829110237367118,0.8703703703703703,0.8379329206136098,0.7640654579874764,0.8834565196188657,0.11368593914446824,0.11907527240317896,1089,3744,26136,392040
heterogeneous_fedadam_mlp,2026,hospital_1,hospital,Heterogeneous_Composite_MLP,heterogeneous_native,FedAdam,32.0,2_Layer_MLP,0.0,False,False,,46,21,25,20,19,6,1,0.8478260869565217,0.7692307692307693,0.9523809523809523,0.9523809523809523,0.76,0.851063829787234,0.958095238095238,0.9596168667638105,0.1039253956544297,0.1285634567434697,1089,3744,26136,392040
heterogeneous_fedadam_mlp,2026,hospital_2,hospital,Heterogeneous_Composite_MLP,heterogeneous_native,FedAdam,32.0,2_Layer_MLP,0.0,False,False,,44,16,28,10,25,3,6,0.7954545454545454,0.7692307692307693,0.625,0.625,0.8928571428571429,0.6896551724137931,0.90625,0.8434055906129992,0.13405328407414283,0.16874034474180505,1089,3744,26136,392040
heterogeneous_fedadam_mlp,2026,hospital_3,hospital,Heterogeneous_Composite_MLP,heterogeneous_native,FedAdam,32.0,2_Layer_MLP,0.0,False,False,,19,18,1,18,0,1,0,0.9473684210526315,0.9473684210526315,1.0,1.0,0.0,0.972972972972973,0.16666666666666666,0.9131616369812965,0.05242051556886233,0.0452661137831839,1089,3744,26136,392040
heterogeneous_fedadam_mlp,2026,ALL,macro,Heterogeneous_Composite_MLP,heterogeneous_native,FedAdam,32.0,2_Layer_MLP,0.0,False,False,,109,55,54,48,44,10,7,0.8635496844878996,0.8286099865047234,0.8591269841269842,0.8591269841269842,0.550952380952381,0.837897325058,0.6770039682539681,0.9053946981193688,0.09679973176581162,0.11418997175615288,1089,3744,26136,392040
heterogeneous_fedadam_mlp,2026,ALL,sample_weighted,Heterogeneous_Composite_MLP,heterogeneous_native,FedAdam,32.0,2_Layer_MLP,0.0,False,False,,109,55,54,48,44,10,7,0.8440366972477065,0.8002822865208186,0.8285277413717781,0.8285277413717781,0.8148148148148148,0.8071582591092308,0.7992114460463083,0.904608192300476,0.10710919720343519,0.13026192973137177,1089,3744,26136,392040
heterogeneous_latent_dim_8,42,hospital_1,hospital,Heterogeneous_Composite_MLP,heterogeneous_native,FedAvg,8.0,2_Layer_MLP,0.0,False,False,,46,21,25,13,24,1,8,0.8043478260869565,0.9285714285714286,0.6190476190476191,0.6190476190476191,0.96,0.7428571428571429,0.8952380952380953,0.9062838009094392,0.22115560488222052,0.26220310706159344,321,2184,7704,115560
heterogeneous_latent_dim_8,42,hospital_2,hospital,Heterogeneous_Composite_MLP,heterogeneous_native,FedAvg,8.0,2_Layer_MLP,0.0,False,False,,44,16,28,8,25,3,8,0.75,0.7272727272727273,0.5,0.5,0.8928571428571429,0.5925925925925926,0.8660714285714285,0.7540952647122829,0.21389847885375807,0.19537098367105832,321,2184,7704,115560
heterogeneous_latent_dim_8,42,hospital_3,hospital,Heterogeneous_Composite_MLP,heterogeneous_native,FedAvg,8.0,2_Layer_MLP,0.0,False,False,,19,18,1,18,0,1,0,0.9473684210526315,0.9473684210526315,1.0,1.0,0.0,0.972972972972973,0.2777777777777778,0.9358468221664817,0.22348726086923962,0.4155895490395395,321,2184,7704,115560
heterogeneous_latent_dim_8,42,ALL,macro,Heterogeneous_Composite_MLP,heterogeneous_native,FedAvg,8.0,2_Layer_MLP,0.0,False,False,,109,55,54,39,49,5,16,0.833905415713196,0.8677375256322625,0.7063492063492064,0.7063492063492064,0.6176190476190476,0.7694742361409027,0.6796957671957672,0.8654086292627347,0.21951378153507273,0.29105454659073043,321,2184,7704,115560
heterogeneous_latent_dim_8,42,ALL,sample_weighted,Heterogeneous_Composite_MLP,heterogeneous_native,FedAvg,8.0,2_Layer_MLP,0.0,False,False,,109,55,54,39,49,5,16,0.8073394495412844,0.8505897771952818,0.6373962429008301,0.6373962429008301,0.9074074074074074,0.7223118268989828,0.7758336973933304,0.8500030835810808,0.2186325582629638,0.26196208842303775,321,2184,7704,115560
heterogeneous_latent_dim_16,42,hospital_1,hospital,Heterogeneous_Composite_MLP,heterogeneous_native,FedAvg,16.0,2_Layer_MLP,0.0,False,False,,46,21,25,19,22,3,2,0.8913043478260869,0.8636363636363636,0.9047619047619048,0.9047619047619048,0.88,0.8837209302325582,0.9447619047619048,0.9520092029540463,0.09732526213559121,0.17462952305441318,577,2704,13848,207720
heterogeneous_latent_dim_16,42,hospital_2,hospital,Heterogeneous_Composite_MLP,heterogeneous_native,FedAvg,16.0,2_Layer_MLP,0.0,False,False,,44,16,28,12,25,3,4,0.8409090909090909,0.8,0.75,0.75,0.8928571428571429,0.7741935483870968,0.9241071428571428,0.8630986891290684,0.11792969313060864,0.1311410687525164,577,2704,13848,207720
heterogeneous_latent_dim_16,42,hospital_3,hospital,Heterogeneous_Composite_MLP,heterogeneous_native,FedAvg,16.0,2_Layer_MLP,0.0,False,False,,19,18,1,18,0,1,0,0.9473684210526315,0.9473684210526315,1.0,1.0,0.0,0.972972972972973,0.3888888888888889,0.9518851819548415,0.05358113664074774,0.05039478289453603,577,2704,13848,207720
heterogeneous_latent_dim_16,42,ALL,macro,Heterogeneous_Composite_MLP,heterogeneous_native,FedAvg,16.0,2_Layer_MLP,0.0,False,False,,109,55,54,49,47,7,6,0.8931939532626031,0.870334928229665,0.8849206349206349,0.8849206349206349,0.590952380952381,0.8769624838642093,0.7525859788359788,0.9223310246793188,0.08961203063564921,0.11872179156715519,577,2704,13848,207720
heterogeneous_latent_dim_16,42,ALL,sample_weighted,Heterogeneous_Composite_MLP,heterogeneous_native,FedAvg,16.0,2_Layer_MLP,0.0,False,False,,109,55,54,49,47,7,6,0.8807339449541285,0.8525437864887407,0.8588903451288773,0.8588903451288773,0.8703703703703703,0.8550657376717101,0.8395289063637686,0.9160971019697902,0.09801752433172646,0.13541895376706342,577,2704,13848,207720
heterogeneous_latent_dim_32,42,hospital_1,hospital,Heterogeneous_Composite_MLP,heterogeneous_native,FedAvg,32.0,2_Layer_MLP,0.0,False,False,,46,21,25,18,21,4,3,0.8478260869565217,0.8181818181818182,0.8571428571428571,0.8571428571428571,0.84,0.8372093023255814,0.9371428571428572,0.942050938984081,0.11360496215179018,0.08742605003973714,1089,3744,26136,392040
heterogeneous_latent_dim_32,42,hospital_2,hospital,Heterogeneous_Composite_MLP,heterogeneous_native,FedAvg,32.0,2_Layer_MLP,0.0,False,False,,44,16,28,13,23,5,3,0.8181818181818182,0.7222222222222222,0.8125,0.8125,0.8214285714285714,0.7647058823529411,0.890625,0.8206577633967339,0.14202579146988845,0.14047029910778458,1089,3744,26136,392040
heterogeneous_latent_dim_32,42,hospital_3,hospital,Heterogeneous_Composite_MLP,heterogeneous_native,FedAvg,32.0,2_Layer_MLP,0.0,False,False,,19,18,1,17,0,1,1,0.8947368421052632,0.9444444444444444,0.9444444444444444,0.9444444444444444,0.0,0.9444444444444444,0.25,0.931217192536852,0.08658332807332685,0.09410775884201654,1089,3744,26136,392040
heterogeneous_latent_dim_32,42,ALL,macro,Heterogeneous_Composite_MLP,heterogeneous_native,FedAvg,32.0,2_Layer_MLP,0.0,False,False,,109,55,54,48,44,10,7,0.8535815824145344,0.8282828282828283,0.8713624338624338,0.8713624338624338,0.5538095238095239,0.848786543040989,0.6925892857142858,0.897975298305889,0.11407136056500183,0.10733470266317942,1089,3744,26136,392040
heterogeneous_latent_dim_32,42,ALL,sample_weighted,Heterogeneous_Composite_MLP,heterogeneous_native,FedAvg,32.0,2_Layer_MLP,0.0,False,False,,109,55,54,48,44,10,7,0.8440366972477065,0.8014549161338154,0.8543395951652831,0.8543395951652831,0.8148148148148148,0.8266342309628496,0.7985878112712974,0.8911597379901304,0.1203673974041344,0.11000310899604351,1089,3744,26136,392040
heterogeneous_latent_dim_8,123,hospital_1,hospital,Heterogeneous_Composite_MLP,heterogeneous_native,FedAvg,8.0,2_Layer_MLP,0.0,False,False,,46,21,25,19,20,5,2,0.8478260869565217,0.7916666666666666,0.9047619047619048,0.9047619047619048,0.8,0.8444444444444444,0.9542857142857142,0.9618260993007446,0.09831522830738447,0.1150674734102643,321,2184,7704,115560
heterogeneous_latent_dim_8,123,hospital_2,hospital,Heterogeneous_Composite_MLP,heterogeneous_native,FedAvg,8.0,2_Layer_MLP,0.0,False,False,,44,16,28,13,22,6,3,0.7954545454545454,0.6842105263157895,0.8125,0.8125,0.7857142857142857,0.7428571428571429,0.9241071428571428,0.8742810928942768,0.11478857586207955,0.1119527356191115,321,2184,7704,115560
heterogeneous_latent_dim_8,123,hospital_3,hospital,Heterogeneous_Composite_MLP,heterogeneous_native,FedAvg,8.0,2_Layer_MLP,0.0,False,False,,19,18,1,18,0,1,0,0.9473684210526315,0.9473684210526315,1.0,1.0,0.0,0.972972972972973,0.1111111111111111,0.8969579332775928,0.0533405692464922,0.03936923177618731,321,2184,7704,115560
heterogeneous_latent_dim_8,123,ALL,macro,Heterogeneous_Composite_MLP,heterogeneous_native,FedAvg,8.0,2_Layer_MLP,0.0,False,False,,109,55,54,50,42,12,5,0.8635496844878996,0.8077485380116959,0.9057539682539683,0.9057539682539683,0.5285714285714286,0.8534248534248535,0.6631679894179894,0.9110217084908715,0.08881479113865208,0.08879648026852105,321,2184,7704,115560
heterogeneous_latent_dim_8,123,ALL,sample_weighted,Heterogeneous_Composite_MLP,heterogeneous_native,FedAvg,8.0,2_Layer_MLP,0.0,False,False,,109,55,54,50,42,12,5,0.8440366972477065,0.7754305488491872,0.8841197029270423,0.8841197029270423,0.7777777777777778,0.8258407818040844,0.7951281491189748,0.9151795356647403,0.0971254005115095,0.10061504172349195,321,2184,7704,115560
heterogeneous_latent_dim_16,123,hospital_1,hospital,Heterogeneous_Composite_MLP,heterogeneous_native,FedAvg,16.0,2_Layer_MLP,0.0,False,False,,46,21,25,18,22,3,3,0.8695652173913043,0.8571428571428571,0.8571428571428571,0.8571428571428571,0.88,0.8571428571428571,0.9428571428571427,0.9503263251619438,0.09870821423008902,0.08274751998808073,577,2704,13848,207720
heterogeneous_latent_dim_16,123,hospital_2,hospital,Heterogeneous_Composite_MLP,heterogeneous_native,FedAvg,16.0,2_Layer_MLP,0.0,False,False,,44,16,28,13,24,4,3,0.8409090909090909,0.7647058823529411,0.8125,0.8125,0.8571428571428571,0.7878787878787878,0.8883928571428571,0.8126310176643963,0.1367775368137147,0.1493541929786178,577,2704,13848,207720
heterogeneous_latent_dim_16,123,hospital_3,hospital,Heterogeneous_Composite_MLP,heterogeneous_native,FedAvg,16.0,2_Layer_MLP,0.0,False,False,,19,18,1,18,0,1,0,0.9473684210526315,0.9473684210526315,1.0,1.0,0.0,0.972972972972973,0.16666666666666666,0.9131616369812965,0.05590866714080776,0.057490800556383656,577,2704,13848,207720
heterogeneous_latent_dim_16,123,ALL,macro,Heterogeneous_Composite_MLP,heterogeneous_native,FedAvg,16.0,2_Layer_MLP,0.0,False,False,,109,55,54,49,46,8,6,0.885947576451009,0.8564057201828099,0.8898809523809524,0.8898809523809524,0.579047619047619,0.8726648726648726,0.6659722222222222,0.8920396599358789,0.09713147272820383,0.0965308378410274,577,2704,13848,207720
heterogeneous_latent_dim_16,123,ALL,sample_weighted,Heterogeneous_Composite_MLP,heterogeneous_native,FedAvg,16.0,2_Layer_MLP,0.0,False,False,,109,55,54,49,46,8,6,0.8715596330275229,0.8355562408449618,0.8640235910878111,0.8640235910878111,0.8518518518518519,0.8493736200158217,0.7855723023154216,0.8882646498837384,0.10661517568865037,0.1052320699181852,577,2704,13848,207720
heterogeneous_latent_dim_32,123,hospital_1,hospital,Heterogeneous_Composite_MLP,heterogeneous_native,FedAvg,32.0,2_Layer_MLP,0.0,False,False,,46,21,25,19,21,4,2,0.8695652173913043,0.8260869565217391,0.9047619047619048,0.9047619047619048,0.84,0.8636363636363636,0.9447619047619048,0.9550157210558217,0.09560926385710934,0.1065921599612288,1089,3744,26136,392040
heterogeneous_latent_dim_32,123,hospital_2,hospital,Heterogeneous_Composite_MLP,heterogeneous_native,FedAvg,32.0,2_Layer_MLP,0.0,False,False,,44,16,28,13,24,4,3,0.8409090909090909,0.7647058823529411,0.8125,0.8125,0.8571428571428571,0.7878787878787878,0.9084821428571428,0.8457282646203388,0.12977945386451725,0.13303078901530666,1089,3744,26136,392040
heterogeneous_latent_dim_32,123,hospital_3,hospital,Heterogeneous_Composite_MLP,heterogeneous_native,FedAvg,32.0,2_Layer_MLP,0.0,False,False,,19,18,1,17,0,1,1,0.8947368421052632,0.9444444444444444,0.9444444444444444,0.9444444444444444,0.0,0.9444444444444444,0.0,0.8321431184627779,0.07428884066985475,0.08310492728885853,1089,3744,26136,392040
heterogeneous_latent_dim_32,123,ALL,macro,Heterogeneous_Composite_MLP,heterogeneous_native,FedAvg,32.0,2_Layer_MLP,0.0,False,False,,109,55,54,49,45,9,6,0.8684037168018861,0.8450790944397083,0.8872354497354497,0.8872354497354497,0.5657142857142857,0.8653198653198654,0.6177480158730159,0.8776290347129795,0.09989251946382711,0.10757595875513133,1089,3744,26136,392040
heterogeneous_latent_dim_32,123,ALL,sample_weighted,Heterogeneous_Composite_MLP,heterogeneous_native,FedAvg,32.0,2_Layer_MLP,0.0,False,False,,109,55,54,49,45,9,6,0.8623853211009175,0.8219403969538885,0.8744357070045143,0.8744357070045143,0.8333333333333334,0.8471411361319617,0.7654335954565312,0.8894815235106008,0.10568633101094521,0.11317052929704889,1089,3744,26136,392040
heterogeneous_latent_dim_8,2026,hospital_1,hospital,Heterogeneous_Composite_MLP,heterogeneous_native,FedAvg,8.0,2_Layer_MLP,0.0,False,False,,46,21,25,19,18,7,2,0.8043478260869565,0.7307692307692307,0.9047619047619048,0.9047619047619048,0.72,0.8085106382978723,0.9466666666666667,0.950297348659062,0.10690945797736681,0.13610656446088915,321,2184,7704,115560
heterogeneous_latent_dim_8,2026,hospital_2,hospital,Heterogeneous_Composite_MLP,heterogeneous_native,FedAvg,8.0,2_Layer_MLP,0.0,False,False,,44,16,28,12,24,4,4,0.8181818181818182,0.75,0.75,0.75,0.8571428571428571,0.75,0.9084821428571428,0.8424420543028784,0.12846914490310307,0.14735878352075815,321,2184,7704,115560
heterogeneous_latent_dim_8,2026,hospital_3,hospital,Heterogeneous_Composite_MLP,heterogeneous_native,FedAvg,8.0,2_Layer_MLP,0.0,False,False,,19,18,1,18,0,1,0,0.9473684210526315,0.9473684210526315,1.0,1.0,0.0,0.972972972972973,0.2222222222222222,0.9256616369812964,0.05653184088998804,0.06980873722779124,321,2184,7704,115560
heterogeneous_latent_dim_8,2026,ALL,macro,Heterogeneous_Composite_MLP,heterogeneous_native,FedAvg,8.0,2_Layer_MLP,0.0,False,False,,109,55,54,49,42,12,6,0.8566326884404688,0.8093792172739541,0.8849206349206349,0.8849206349206349,0.5257142857142857,0.8438278704236151,0.6924570105820106,0.906133679981079,0.09730348125681931,0.11775802840314618,321,2184,7704,115560
heterogeneous_latent_dim_8,2026,ALL,sample_weighted,Heterogeneous_Composite_MLP,heterogeneous_native,FedAvg,8.0,2_Layer_MLP,0.0,False,False,,109,55,54,49,42,12,6,0.8348623853211009,0.7762879322512349,0.8588903451288773,0.8588903451288773,0.7777777777777778,0.8135594114512716,0.8049734236202127,0.9024651333053957,0.10683103137252462,0.12909224263708527,321,2184,7704,115560
heterogeneous_latent_dim_16,2026,hospital_1,hospital,Heterogeneous_Composite_MLP,heterogeneous_native,FedAvg,16.0,2_Layer_MLP,0.0,False,False,,46,21,25,19,21,4,2,0.8695652173913043,0.8260869565217391,0.9047619047619048,0.9047619047619048,0.84,0.8636363636363636,0.940952380952381,0.9388005536188497,0.10389861151073643,0.1019713162727978,577,2704,13848,207720
heterogeneous_latent_dim_16,2026,hospital_2,hospital,Heterogeneous_Composite_MLP,heterogeneous_native,FedAvg,16.0,2_Layer_MLP,0.0,False,False,,44,16,28,13,24,4,3,0.8409090909090909,0.7647058823529411,0.8125,0.8125,0.8571428571428571,0.7878787878787878,0.9040178571428572,0.8463720385687297,0.123921378291434,0.12002236624671651,577,2704,13848,207720
heterogeneous_latent_dim_16,2026,hospital_3,hospital,Heterogeneous_Composite_MLP,heterogeneous_native,FedAvg,16.0,2_Layer_MLP,0.0,False,False,,19,18,1,18,0,1,0,0.9473684210526315,0.9473684210526315,1.0,1.0,0.0,0.972972972972973,0.05555555555555555,0.8738097851294446,0.05727029515309268,0.0643711937101264,577,2704,13848,207720
heterogeneous_latent_dim_16,2026,ALL,macro,Heterogeneous_Composite_MLP,heterogeneous_native,FedAvg,16.0,2_Layer_MLP,0.0,False,False,,109,55,54,50,45,9,5,0.885947576451009,0.8460537533091039,0.9057539682539683,0.9057539682539683,0.5657142857142857,0.8748293748293747,0.6335085978835979,0.8863274591056746,0.0950300949850877,0.09545495874321357,577,2704,13848,207720
heterogeneous_latent_dim_16,2026,ALL,sample_weighted,Heterogeneous_Composite_MLP,heterogeneous_native,FedAvg,16.0,2_Layer_MLP,0.0,False,False,,109,55,54,50,45,9,5,0.8715596330275229,0.8224500809498111,0.8841197029270423,0.8841197029270423,0.8333333333333334,0.8521139989029897,0.7717078054463375,0.890161294320648,0.10385332460757554,0.10270382884308832,577,2704,13848,207720
heterogeneous_latent_dim_32,2026,hospital_1,hospital,Heterogeneous_Composite_MLP,heterogeneous_native,FedAvg,32.0,2_Layer_MLP,0.0,False,False,,46,21,25,20,19,6,1,0.8478260869565217,0.7692307692307693,0.9523809523809523,0.9523809523809523,0.76,0.851063829787234,0.9523809523809523,0.9570787302971027,0.11191538668516177,0.1649422587259956,1089,3744,26136,392040
heterogeneous_latent_dim_32,2026,hospital_2,hospital,Heterogeneous_Composite_MLP,heterogeneous_native,FedAvg,32.0,2_Layer_MLP,0.0,False,False,,44,16,28,8,25,3,8,0.75,0.7272727272727273,0.5,0.5,0.8928571428571429,0.5925925925925926,0.90625,0.8476883634497486,0.14270197568990864,0.18704292144287715,1089,3744,26136,392040
heterogeneous_latent_dim_32,2026,hospital_3,hospital,Heterogeneous_Composite_MLP,heterogeneous_native,FedAvg,32.0,2_Layer_MLP,0.0,False,False,,19,18,1,18,0,1,0,0.9473684210526315,0.9473684210526315,1.0,1.0,0.0,0.972972972972973,0.2777777777777778,0.9358468221664817,0.06658899235180782,0.11387944221496582,1089,3744,26136,392040
heterogeneous_latent_dim_32,2026,ALL,macro,Heterogeneous_Composite_MLP,heterogeneous_native,FedAvg,32.0,2_Layer_MLP,0.0,False,False,,109,55,54,46,44,10,9,0.8483981693363845,0.8146239725187093,0.8174603174603176,0.8174603174603176,0.550952380952381,0.8055431317842666,0.7121362433862434,0.913537971971111,0.1070687849089594,0.15528820746127953,1089,3744,26136,392040
heterogeneous_latent_dim_32,2026,ALL,sample_weighted,Heterogeneous_Composite_MLP,heterogeneous_native,FedAvg,32.0,2_Layer_MLP,0.0,False,False,,109,55,54,46,44,10,9,0.8256880733944955,0.7833450952717008,0.7780690257754478,0.7780690257754478,0.8148148148148148,0.7679770342272783,0.8161679044706567,0.9092201762075119,0.11644206947300705,0.164962769238227,1089,3744,26136,392040
heterogeneous_encoder_1layer,42,hospital_1,hospital,Heterogeneous_Composite_MLP,heterogeneous_native,FedAvg,32.0,1_Layer_Linear,0.0,False,False,,46,21,25,18,21,4,3,0.8478260869565217,0.8181818181818182,0.8571428571428571,0.8571428571428571,0.84,0.8372093023255814,0.9371428571428572,0.942050938984081,0.11360496215179018,0.08742605003973714,1089,3744,26136,392040
heterogeneous_encoder_1layer,42,hospital_2,hospital,Heterogeneous_Composite_MLP,heterogeneous_native,FedAvg,32.0,1_Layer_Linear,0.0,False,False,,44,16,28,13,23,5,3,0.8181818181818182,0.7222222222222222,0.8125,0.8125,0.8214285714285714,0.7647058823529411,0.890625,0.8206577633967339,0.14202579146988845,0.14047029910778458,1089,3744,26136,392040
heterogeneous_encoder_1layer,42,hospital_3,hospital,Heterogeneous_Composite_MLP,heterogeneous_native,FedAvg,32.0,1_Layer_Linear,0.0,False,False,,19,18,1,17,0,1,1,0.8947368421052632,0.9444444444444444,0.9444444444444444,0.9444444444444444,0.0,0.9444444444444444,0.25,0.931217192536852,0.08658332807332685,0.09410775884201654,1089,3744,26136,392040
heterogeneous_encoder_1layer,42,ALL,macro,Heterogeneous_Composite_MLP,heterogeneous_native,FedAvg,32.0,1_Layer_Linear,0.0,False,False,,109,55,54,48,44,10,7,0.8535815824145344,0.8282828282828283,0.8713624338624338,0.8713624338624338,0.5538095238095239,0.848786543040989,0.6925892857142858,0.897975298305889,0.11407136056500183,0.10733470266317942,1089,3744,26136,392040
heterogeneous_encoder_1layer,42,ALL,sample_weighted,Heterogeneous_Composite_MLP,heterogeneous_native,FedAvg,32.0,1_Layer_Linear,0.0,False,False,,109,55,54,48,44,10,7,0.8440366972477065,0.8014549161338154,0.8543395951652831,0.8543395951652831,0.8148148148148148,0.8266342309628496,0.7985878112712974,0.8911597379901304,0.1203673974041344,0.11000310899604351,1089,3744,26136,392040
heterogeneous_encoder_2layer,42,hospital_1,hospital,Heterogeneous_Composite_MLP,heterogeneous_native,FedAvg,32.0,2_Layer_MLP,0.0,False,False,,46,21,25,18,21,4,3,0.8478260869565217,0.8181818181818182,0.8571428571428571,0.8571428571428571,0.84,0.8372093023255814,0.9371428571428572,0.942050938984081,0.11360496215179018,0.08742605003973714,1089,3744,26136,392040
heterogeneous_encoder_2layer,42,hospital_2,hospital,Heterogeneous_Composite_MLP,heterogeneous_native,FedAvg,32.0,2_Layer_MLP,0.0,False,False,,44,16,28,13,23,5,3,0.8181818181818182,0.7222222222222222,0.8125,0.8125,0.8214285714285714,0.7647058823529411,0.890625,0.8206577633967339,0.14202579146988845,0.14047029910778458,1089,3744,26136,392040
heterogeneous_encoder_2layer,42,hospital_3,hospital,Heterogeneous_Composite_MLP,heterogeneous_native,FedAvg,32.0,2_Layer_MLP,0.0,False,False,,19,18,1,17,0,1,1,0.8947368421052632,0.9444444444444444,0.9444444444444444,0.9444444444444444,0.0,0.9444444444444444,0.25,0.931217192536852,0.08658332807332685,0.09410775884201654,1089,3744,26136,392040
heterogeneous_encoder_2layer,42,ALL,macro,Heterogeneous_Composite_MLP,heterogeneous_native,FedAvg,32.0,2_Layer_MLP,0.0,False,False,,109,55,54,48,44,10,7,0.8535815824145344,0.8282828282828283,0.8713624338624338,0.8713624338624338,0.5538095238095239,0.848786543040989,0.6925892857142858,0.897975298305889,0.11407136056500183,0.10733470266317942,1089,3744,26136,392040
heterogeneous_encoder_2layer,42,ALL,sample_weighted,Heterogeneous_Composite_MLP,heterogeneous_native,FedAvg,32.0,2_Layer_MLP,0.0,False,False,,109,55,54,48,44,10,7,0.8440366972477065,0.8014549161338154,0.8543395951652831,0.8543395951652831,0.8148148148148148,0.8266342309628496,0.7985878112712974,0.8911597379901304,0.1203673974041344,0.11000310899604351,1089,3744,26136,392040
heterogeneous_encoder_1layer,123,hospital_1,hospital,Heterogeneous_Composite_MLP,heterogeneous_native,FedAvg,32.0,1_Layer_Linear,0.0,False,False,,46,21,25,19,21,4,2,0.8695652173913043,0.8260869565217391,0.9047619047619048,0.9047619047619048,0.84,0.8636363636363636,0.9447619047619048,0.9550157210558217,0.09560926385710934,0.1065921599612288,1089,3744,26136,392040
heterogeneous_encoder_1layer,123,hospital_2,hospital,Heterogeneous_Composite_MLP,heterogeneous_native,FedAvg,32.0,1_Layer_Linear,0.0,False,False,,44,16,28,13,24,4,3,0.8409090909090909,0.7647058823529411,0.8125,0.8125,0.8571428571428571,0.7878787878787878,0.9084821428571428,0.8457282646203388,0.12977945386451725,0.13303078901530666,1089,3744,26136,392040
heterogeneous_encoder_1layer,123,hospital_3,hospital,Heterogeneous_Composite_MLP,heterogeneous_native,FedAvg,32.0,1_Layer_Linear,0.0,False,False,,19,18,1,17,0,1,1,0.8947368421052632,0.9444444444444444,0.9444444444444444,0.9444444444444444,0.0,0.9444444444444444,0.0,0.8321431184627779,0.07428884066985475,0.08310492728885853,1089,3744,26136,392040
heterogeneous_encoder_1layer,123,ALL,macro,Heterogeneous_Composite_MLP,heterogeneous_native,FedAvg,32.0,1_Layer_Linear,0.0,False,False,,109,55,54,49,45,9,6,0.8684037168018861,0.8450790944397083,0.8872354497354497,0.8872354497354497,0.5657142857142857,0.8653198653198654,0.6177480158730159,0.8776290347129795,0.09989251946382711,0.10757595875513133,1089,3744,26136,392040
heterogeneous_encoder_1layer,123,ALL,sample_weighted,Heterogeneous_Composite_MLP,heterogeneous_native,FedAvg,32.0,1_Layer_Linear,0.0,False,False,,109,55,54,49,45,9,6,0.8623853211009175,0.8219403969538885,0.8744357070045143,0.8744357070045143,0.8333333333333334,0.8471411361319617,0.7654335954565312,0.8894815235106008,0.10568633101094521,0.11317052929704889,1089,3744,26136,392040
heterogeneous_encoder_2layer,123,hospital_1,hospital,Heterogeneous_Composite_MLP,heterogeneous_native,FedAvg,32.0,2_Layer_MLP,0.0,False,False,,46,21,25,19,21,4,2,0.8695652173913043,0.8260869565217391,0.9047619047619048,0.9047619047619048,0.84,0.8636363636363636,0.9447619047619048,0.9550157210558217,0.09560926385710934,0.1065921599612288,1089,3744,26136,392040
heterogeneous_encoder_2layer,123,hospital_2,hospital,Heterogeneous_Composite_MLP,heterogeneous_native,FedAvg,32.0,2_Layer_MLP,0.0,False,False,,44,16,28,13,24,4,3,0.8409090909090909,0.7647058823529411,0.8125,0.8125,0.8571428571428571,0.7878787878787878,0.9084821428571428,0.8457282646203388,0.12977945386451725,0.13303078901530666,1089,3744,26136,392040
heterogeneous_encoder_2layer,123,hospital_3,hospital,Heterogeneous_Composite_MLP,heterogeneous_native,FedAvg,32.0,2_Layer_MLP,0.0,False,False,,19,18,1,17,0,1,1,0.8947368421052632,0.9444444444444444,0.9444444444444444,0.9444444444444444,0.0,0.9444444444444444,0.0,0.8321431184627779,0.07428884066985475,0.08310492728885853,1089,3744,26136,392040
heterogeneous_encoder_2layer,123,ALL,macro,Heterogeneous_Composite_MLP,heterogeneous_native,FedAvg,32.0,2_Layer_MLP,0.0,False,False,,109,55,54,49,45,9,6,0.8684037168018861,0.8450790944397083,0.8872354497354497,0.8872354497354497,0.5657142857142857,0.8653198653198654,0.6177480158730159,0.8776290347129795,0.09989251946382711,0.10757595875513133,1089,3744,26136,392040
heterogeneous_encoder_2layer,123,ALL,sample_weighted,Heterogeneous_Composite_MLP,heterogeneous_native,FedAvg,32.0,2_Layer_MLP,0.0,False,False,,109,55,54,49,45,9,6,0.8623853211009175,0.8219403969538885,0.8744357070045143,0.8744357070045143,0.8333333333333334,0.8471411361319617,0.7654335954565312,0.8894815235106008,0.10568633101094521,0.11317052929704889,1089,3744,26136,392040
heterogeneous_encoder_1layer,2026,hospital_1,hospital,Heterogeneous_Composite_MLP,heterogeneous_native,FedAvg,32.0,1_Layer_Linear,0.0,False,False,,46,21,25,20,19,6,1,0.8478260869565217,0.7692307692307693,0.9523809523809523,0.9523809523809523,0.76,0.851063829787234,0.9523809523809523,0.9570787302971027,0.11191538668516177,0.1649422587259956,1089,3744,26136,392040
heterogeneous_encoder_1layer,2026,hospital_2,hospital,Heterogeneous_Composite_MLP,heterogeneous_native,FedAvg,32.0,1_Layer_Linear,0.0,False,False,,44,16,28,8,25,3,8,0.75,0.7272727272727273,0.5,0.5,0.8928571428571429,0.5925925925925926,0.90625,0.8476883634497486,0.14270197568990864,0.18704292144287715,1089,3744,26136,392040
heterogeneous_encoder_1layer,2026,hospital_3,hospital,Heterogeneous_Composite_MLP,heterogeneous_native,FedAvg,32.0,1_Layer_Linear,0.0,False,False,,19,18,1,18,0,1,0,0.9473684210526315,0.9473684210526315,1.0,1.0,0.0,0.972972972972973,0.2777777777777778,0.9358468221664817,0.06658899235180782,0.11387944221496582,1089,3744,26136,392040
heterogeneous_encoder_1layer,2026,ALL,macro,Heterogeneous_Composite_MLP,heterogeneous_native,FedAvg,32.0,1_Layer_Linear,0.0,False,False,,109,55,54,46,44,10,9,0.8483981693363845,0.8146239725187093,0.8174603174603176,0.8174603174603176,0.550952380952381,0.8055431317842666,0.7121362433862434,0.913537971971111,0.1070687849089594,0.15528820746127953,1089,3744,26136,392040
heterogeneous_encoder_1layer,2026,ALL,sample_weighted,Heterogeneous_Composite_MLP,heterogeneous_native,FedAvg,32.0,1_Layer_Linear,0.0,False,False,,109,55,54,46,44,10,9,0.8256880733944955,0.7833450952717008,0.7780690257754478,0.7780690257754478,0.8148148148148148,0.7679770342272783,0.8161679044706567,0.9092201762075119,0.11644206947300705,0.164962769238227,1089,3744,26136,392040
heterogeneous_encoder_2layer,2026,hospital_1,hospital,Heterogeneous_Composite_MLP,heterogeneous_native,FedAvg,32.0,2_Layer_MLP,0.0,False,False,,46,21,25,20,19,6,1,0.8478260869565217,0.7692307692307693,0.9523809523809523,0.9523809523809523,0.76,0.851063829787234,0.9523809523809523,0.9570787302971027,0.11191538668516177,0.1649422587259956,1089,3744,26136,392040
heterogeneous_encoder_2layer,2026,hospital_2,hospital,Heterogeneous_Composite_MLP,heterogeneous_native,FedAvg,32.0,2_Layer_MLP,0.0,False,False,,44,16,28,8,25,3,8,0.75,0.7272727272727273,0.5,0.5,0.8928571428571429,0.5925925925925926,0.90625,0.8476883634497486,0.14270197568990864,0.18704292144287715,1089,3744,26136,392040
heterogeneous_encoder_2layer,2026,hospital_3,hospital,Heterogeneous_Composite_MLP,heterogeneous_native,FedAvg,32.0,2_Layer_MLP,0.0,False,False,,19,18,1,18,0,1,0,0.9473684210526315,0.9473684210526315,1.0,1.0,0.0,0.972972972972973,0.2777777777777778,0.9358468221664817,0.06658899235180782,0.11387944221496582,1089,3744,26136,392040
heterogeneous_encoder_2layer,2026,ALL,macro,Heterogeneous_Composite_MLP,heterogeneous_native,FedAvg,32.0,2_Layer_MLP,0.0,False,False,,109,55,54,46,44,10,9,0.8483981693363845,0.8146239725187093,0.8174603174603176,0.8174603174603176,0.550952380952381,0.8055431317842666,0.7121362433862434,0.913537971971111,0.1070687849089594,0.15528820746127953,1089,3744,26136,392040
heterogeneous_encoder_2layer,2026,ALL,sample_weighted,Heterogeneous_Composite_MLP,heterogeneous_native,FedAvg,32.0,2_Layer_MLP,0.0,False,False,,109,55,54,46,44,10,9,0.8256880733944955,0.7833450952717008,0.7780690257754478,0.7780690257754478,0.8148148148148148,0.7679770342272783,0.8161679044706567,0.9092201762075119,0.11644206947300705,0.164962769238227,1089,3744,26136,392040
heterogeneous_fedavg_secure_aggregation,42,hospital_1,hospital,Unknown,Unknown,Unknown,32.0,2_Layer_MLP,0.0,True,False,,46,21,25,18,21,4,3,0.8478260869565217,0.8181818181818182,0.8571428571428571,0.8571428571428571,0.84,0.8372093023255814,0.9371428571428572,0.942050938984081,0.11360494863124874,0.08742606931406519,1089,3744,26136,392040
heterogeneous_fedavg_secure_aggregation,42,hospital_2,hospital,Unknown,Unknown,Unknown,32.0,2_Layer_MLP,0.0,True,False,,44,16,28,13,23,5,3,0.8181818181818182,0.7222222222222222,0.8125,0.8125,0.8214285714285714,0.7647058823529411,0.890625,0.8206577633967339,0.14202579531998236,0.1404702718877657,1089,3744,26136,392040
heterogeneous_fedavg_secure_aggregation,42,hospital_3,hospital,Unknown,Unknown,Unknown,32.0,2_Layer_MLP,0.0,True,False,,19,18,1,17,0,1,1,0.8947368421052632,0.9444444444444444,0.9444444444444444,0.9444444444444444,0.0,0.9444444444444444,0.25,0.931217192536852,0.0865833702712755,0.094107786291524,1089,3744,26136,392040
heterogeneous_fedavg_secure_aggregation,42,ALL,macro,Unknown,Unknown,Unknown,32.0,2_Layer_MLP,0.0,True,False,,109,55,54,48,44,10,7,0.8535815824145344,0.8282828282828283,0.8713624338624338,0.8713624338624338,0.5538095238095239,0.848786543040989,0.6925892857142858,0.897975298305889,0.11407137140750219,0.10733470916445163,1089,3744,26136,392040
heterogeneous_fedavg_secure_aggregation,42,ALL,sample_weighted,Unknown,Unknown,Unknown,32.0,2_Layer_MLP,0.0,True,False,,109,55,54,48,44,10,7,0.8440366972477065,0.8014549161338154,0.8543395951652831,0.8543395951652831,0.8148148148148148,0.8266342309628496,0.7985878112712974,0.8911597379901304,0.12036740060798991,0.11000311092704261,1089,3744,26136,392040
heterogeneous_fedavg_dp,42,hospital_1,hospital,Unknown,Unknown,Unknown,32.0,2_Layer_MLP,0.0,False,True,148.02585092994047,46,21,25,17,22,3,4,0.8478260869565217,0.85,0.8095238095238095,0.8095238095238095,0.88,0.8292682926829268,0.9104761904761904,0.9039124870893032,0.14005077691795323,0.14644523422517206,1089,3744,26136,392040
heterogeneous_fedavg_dp,42,hospital_2,hospital,Unknown,Unknown,Unknown,32.0,2_Layer_MLP,0.0,False,True,148.02585092994047,44,16,28,11,24,4,5,0.7954545454545454,0.7333333333333333,0.6875,0.6875,0.8571428571428571,0.7096774193548387,0.8660714285714286,0.7273831828628172,0.18292081797447846,0.18618156350302423,1089,3744,26136,392040
heterogeneous_fedavg_dp,42,hospital_3,hospital,Unknown,Unknown,Unknown,32.0,2_Layer_MLP,0.0,False,True,148.02585092994047,19,18,1,17,0,1,1,0.8947368421052632,0.9444444444444444,0.9444444444444444,0.9444444444444444,0.0,0.9444444444444444,0.3611111111111111,0.9572299143829072,0.10196098625443493,0.10358482089481857,1089,3744,26136,392040
heterogeneous_fedavg_dp,42,ALL,macro,Unknown,Unknown,Unknown,32.0,2_Layer_MLP,0.0,False,True,148.02585092994047,109,55,54,45,46,8,10,0.8460058248387767,0.8425925925925926,0.8138227513227513,0.8138227513227513,0.579047619047619,0.8277967188274035,0.71255291005291,0.8628418614450092,0.1416441937156222,0.14540387287433829,1089,3744,26136,392040
heterogeneous_fedavg_dp,42,ALL,sample_weighted,Unknown,Unknown,Unknown,32.0,2_Layer_MLP,0.0,False,True,148.02585092994047,109,55,54,45,46,8,10,0.8348623853211009,0.8193679918450562,0.7837847677297218,0.7837847677297218,0.8518518518518519,0.8010696546740549,0.7967904470656765,0.8419468149114416,0.15071660979758866,0.1550145061054361,1089,3744,26136,392040
heterogeneous_fedavg_secure_aggregation_dp,42,hospital_1,hospital,Unknown,Unknown,Unknown,32.0,2_Layer_MLP,0.0,True,True,148.02585092994047,46,21,25,17,22,3,4,0.8478260869565217,0.85,0.8095238095238095,0.8095238095238095,0.88,0.8292682926829268,0.9104761904761904,0.9039124870893032,0.14005086608549683,0.14644526572817043,1089,3744,26136,392040
heterogeneous_fedavg_secure_aggregation_dp,42,hospital_2,hospital,Unknown,Unknown,Unknown,32.0,2_Layer_MLP,0.0,True,True,148.02585092994047,44,16,28,11,24,4,5,0.7954545454545454,0.7333333333333333,0.6875,0.6875,0.8571428571428571,0.7096774193548387,0.8660714285714286,0.7273831828628172,0.18292081502094112,0.18618163402954285,1089,3744,26136,392040
heterogeneous_fedavg_secure_aggregation_dp,42,hospital_3,hospital,Unknown,Unknown,Unknown,32.0,2_Layer_MLP,0.0,True,True,148.02585092994047,19,18,1,17,0,1,1,0.8947368421052632,0.9444444444444444,0.9444444444444444,0.9444444444444444,0.0,0.9444444444444444,0.3611111111111111,0.9572299143829072,0.10196100295837712,0.103584828737535,1089,3744,26136,392040
heterogeneous_fedavg_secure_aggregation_dp,42,ALL,macro,Unknown,Unknown,Unknown,32.0,2_Layer_MLP,0.0,True,True,148.02585092994047,109,55,54,45,46,8,10,0.8460058248387767,0.8425925925925926,0.8138227513227513,0.8138227513227513,0.579047619047619,0.8277967188274035,0.71255291005291,0.8628418614450092,0.141644228021605,0.1454039094984161,1089,3744,26136,392040
heterogeneous_fedavg_secure_aggregation_dp,42,ALL,sample_weighted,Unknown,Unknown,Unknown,32.0,2_Layer_MLP,0.0,True,True,148.02585092994047,109,55,54,45,46,8,10,0.8348623853211009,0.8193679918450562,0.7837847677297218,0.7837847677297218,0.8518518518518519,0.8010696546740549,0.7967904470656765,0.8419468149114416,0.1507166491473709,0.15501454923677882,1089,3744,26136,392040
heterogeneous_fedprox_secure_aggregation_dp,42,hospital_1,hospital,Heterogeneous_Composite_MLP,heterogeneous_native,FedProx,32.0,2_Layer_MLP,0.01,True,True,148.02585092994047,46,21,25,19,19,6,2,0.8260869565217391,0.76,0.9047619047619048,0.9047619047619048,0.76,0.8260869565217391,0.9276190476190476,0.9209163574953814,0.13027423124093337,0.15203312181098305,1089,3744,26136,392040
heterogeneous_fedprox_secure_aggregation_dp,42,hospital_2,hospital,Heterogeneous_Composite_MLP,heterogeneous_native,FedProx,32.0,2_Layer_MLP,0.01,True,True,148.02585092994047,44,16,28,13,22,6,3,0.7954545454545454,0.6842105263157895,0.8125,0.8125,0.7857142857142857,0.7428571428571429,0.890625,0.784421854155962,0.15278211779063675,0.1713316171768714,1089,3744,26136,392040
heterogeneous_fedprox_secure_aggregation_dp,42,hospital_3,hospital,Heterogeneous_Composite_MLP,heterogeneous_native,FedProx,32.0,2_Layer_MLP,0.01,True,True,148.02585092994047,19,18,1,18,0,1,0,0.9473684210526315,0.9473684210526315,1.0,1.0,0.0,0.972972972972973,0.3055555555555556,0.9489881561411488,0.05264993893915609,0.051646194959941716,1089,3744,26136,392040
heterogeneous_fedprox_secure_aggregation_dp,42,ALL,macro,Heterogeneous_Composite_MLP,heterogeneous_native,FedProx,32.0,2_Layer_MLP,0.01,True,True,148.02585092994047,109,55,54,50,41,13,5,0.8563033076763054,0.7971929824561403,0.9057539682539683,0.9057539682539683,0.5152380952380953,0.8473056907839517,0.707933201058201,0.8847754559308307,0.11190209599024208,0.1250036446492654,1089,3744,26136,392040
heterogeneous_fedprox_secure_aggregation_dp,42,ALL,sample_weighted,Heterogeneous_Composite_MLP,heterogeneous_native,FedProx,32.0,2_Layer_MLP,0.01,True,True,148.02585092994047,109,55,54,50,41,13,5,0.8348623853211009,0.7620666344760985,0.8841197029270423,0.8841197029270423,0.7592592592592593,0.8180935850660621,0.8042525848259794,0.870710908204878,0.12582914366710934,0.14232470149840784,1089,3744,26136,392040
heterogeneous_fedadam_secure_aggregation_dp,42,hospital_1,hospital,Heterogeneous_Composite_MLP,heterogeneous_native,FedAdam,32.0,2_Layer_MLP,0.0,True,True,148.02585092994047,46,21,25,18,19,6,3,0.8043478260869565,0.75,0.8571428571428571,0.8571428571428571,0.76,0.8,0.9428571428571428,0.9369885436555792,0.1199214617819444,0.15985974252385937,1089,3744,26136,392040
heterogeneous_fedadam_secure_aggregation_dp,42,hospital_2,hospital,Heterogeneous_Composite_MLP,heterogeneous_native,FedAdam,32.0,2_Layer_MLP,0.0,True,True,148.02585092994047,44,16,28,13,20,8,3,0.75,0.6190476190476191,0.8125,0.8125,0.7142857142857143,0.7027027027027027,0.8526785714285714,0.7433215307671872,0.18172763059832092,0.20572386207905682,1089,3744,26136,392040
heterogeneous_fedadam_secure_aggregation_dp,42,hospital_3,hospital,Heterogeneous_Composite_MLP,heterogeneous_native,FedAdam,32.0,2_Layer_MLP,0.0,True,True,148.02585092994047,19,18,1,18,0,1,0,0.9473684210526315,0.9473684210526315,1.0,1.0,0.0,0.972972972972973,0.4444444444444444,0.9584438239301502,0.052862171100388544,0.04867704918510041,1089,3744,26136,392040
heterogeneous_fedadam_secure_aggregation_dp,42,ALL,macro,Heterogeneous_Composite_MLP,heterogeneous_native,FedAdam,32.0,2_Layer_MLP,0.0,True,True,148.02585092994047,109,55,54,49,39,15,6,0.833905415713196,0.7721386800334168,0.8898809523809524,0.8898809523809524,0.4914285714285714,0.8252252252252253,0.746660052910053,0.8795846327843054,0.11817042116021796,0.13808688459600552,1089,3744,26136,392040
heterogeneous_fedadam_secure_aggregation_dp,42,ALL,sample_weighted,Heterogeneous_Composite_MLP,heterogeneous_native,FedAdam,32.0,2_Layer_MLP,0.0,True,True,148.02585092994047,109,55,54,49,39,15,6,0.8073394495412844,0.7315421581476628,0.8640235910878111,0.8640235910878111,0.7222222222222222,0.7908752789486734,0.8195755060433959,0.8625509451062912,0.1331815067816784,0.15899322956048567,1089,3744,26136,392040
heterogeneous_fedavg_secure_aggregation,123,hospital_1,hospital,Unknown,Unknown,Unknown,32.0,2_Layer_MLP,0.0,True,False,,46,21,25,19,21,4,2,0.8695652173913043,0.8260869565217391,0.9047619047619048,0.9047619047619048,0.84,0.8636363636363636,0.9447619047619048,0.9550157210558217,0.09560925165273165,0.1065921496356959,1089,3744,26136,392040
heterogeneous_fedavg_secure_aggregation,123,hospital_2,hospital,Unknown,Unknown,Unknown,32.0,2_Layer_MLP,0.0,True,False,,44,16,28,13,24,4,3,0.8409090909090909,0.7647058823529411,0.8125,0.8125,0.8571428571428571,0.7878787878787878,0.9084821428571428,0.8457282646203388,0.12977953236671036,0.13303084679963914,1089,3744,26136,392040
heterogeneous_fedavg_secure_aggregation,123,hospital_3,hospital,Unknown,Unknown,Unknown,32.0,2_Layer_MLP,0.0,True,False,,19,18,1,17,0,1,1,0.8947368421052632,0.9444444444444444,0.9444444444444444,0.9444444444444444,0.0,0.9444444444444444,0.0,0.8321431184627779,0.07428843428138035,0.08310472337823166,1089,3744,26136,392040
heterogeneous_fedavg_secure_aggregation,123,ALL,macro,Unknown,Unknown,Unknown,32.0,2_Layer_MLP,0.0,True,False,,109,55,54,49,45,9,6,0.8684037168018861,0.8450790944397083,0.8872354497354497,0.8872354497354497,0.5657142857142857,0.8653198653198654,0.6177480158730159,0.8776290347129795,0.09989240610027413,0.10757590660452222,1089,3744,26136,392040
heterogeneous_fedavg_secure_aggregation,123,ALL,sample_weighted,Unknown,Unknown,Unknown,32.0,2_Layer_MLP,0.0,True,False,,109,55,54,49,45,9,6,0.8623853211009175,0.8219403969538885,0.8744357070045143,0.8744357070045143,0.8333333333333334,0.8471411361319617,0.7654335954565312,0.8894815235106008,0.10568628671107466,0.11317051272121591,1089,3744,26136,392040
heterogeneous_fedavg_dp,123,hospital_1,hospital,Unknown,Unknown,Unknown,32.0,2_Layer_MLP,0.0,False,True,148.02585092994047,46,21,25,19,20,5,2,0.8478260869565217,0.7916666666666666,0.9047619047619048,0.9047619047619048,0.8,0.8444444444444444,0.9466666666666667,0.9509723542083856,0.12720094384676436,0.1534262238495538,1089,3744,26136,392040
heterogeneous_fedavg_dp,123,hospital_2,hospital,Unknown,Unknown,Unknown,32.0,2_Layer_MLP,0.0,False,True,148.02585092994047,44,16,28,13,23,5,3,0.8181818181818182,0.7222222222222222,0.8125,0.8125,0.8214285714285714,0.7647058823529411,0.9084821428571428,0.8442699548688326,0.12960974791871527,0.10638520760800349,1089,3744,26136,392040
heterogeneous_fedavg_dp,123,hospital_3,hospital,Unknown,Unknown,Unknown,32.0,2_Layer_MLP,0.0,False,True,148.02585092994047,19,18,1,17,0,1,1,0.8947368421052632,0.9444444444444444,0.9444444444444444,0.9444444444444444,0.0,0.9444444444444444,0.25,0.9392756464286391,0.10558143327576604,0.09692881882533824,1089,3744,26136,392040
heterogeneous_fedavg_dp,123,ALL,macro,Unknown,Unknown,Unknown,32.0,2_Layer_MLP,0.0,False,True,148.02585092994047,109,55,54,49,43,11,6,0.8535815824145344,0.8194444444444443,0.8872354497354497,0.8872354497354497,0.5404761904761904,0.8511982570806099,0.7017162698412699,0.911505985168619,0.12079737501374856,0.11891341676096516,1089,3744,26136,392040
heterogeneous_fedavg_dp,123,ALL,sample_weighted,Unknown,Unknown,Unknown,32.0,2_Layer_MLP,0.0,False,True,148.02585092994047,109,55,54,49,43,11,6,0.8440366972477065,0.7902650356778796,0.8744357070045143,0.8744357070045143,0.7962962962962963,0.829687593691911,0.8098154215814767,0.905860950366592,0.1244047665836164,0.12458901825241335,1089,3744,26136,392040
heterogeneous_fedavg_secure_aggregation_dp,123,hospital_1,hospital,Unknown,Unknown,Unknown,32.0,2_Layer_MLP,0.0,True,True,148.02585092994047,46,21,25,19,20,5,2,0.8478260869565217,0.7916666666666666,0.9047619047619048,0.9047619047619048,0.8,0.8444444444444444,0.9466666666666667,0.9509723542083856,0.12720105944250215,0.15342631435993576,1089,3744,26136,392040
heterogeneous_fedavg_secure_aggregation_dp,123,hospital_2,hospital,Unknown,Unknown,Unknown,32.0,2_Layer_MLP,0.0,True,True,148.02585092994047,44,16,28,13,23,5,3,0.8181818181818182,0.7222222222222222,0.8125,0.8125,0.8214285714285714,0.7647058823529411,0.9084821428571428,0.8442699548688326,0.12960980866491242,0.1063851917543533,1089,3744,26136,392040
heterogeneous_fedavg_secure_aggregation_dp,123,hospital_3,hospital,Unknown,Unknown,Unknown,32.0,2_Layer_MLP,0.0,True,True,148.02585092994047,19,18,1,17,0,1,1,0.8947368421052632,0.9444444444444444,0.9444444444444444,0.9444444444444444,0.0,0.9444444444444444,0.25,0.9392756464286391,0.10558142240442757,0.096928819915966,1089,3744,26136,392040
heterogeneous_fedavg_secure_aggregation_dp,123,ALL,macro,Unknown,Unknown,Unknown,32.0,2_Layer_MLP,0.0,True,True,148.02585092994047,109,55,54,49,43,11,6,0.8535815824145344,0.8194444444444443,0.8872354497354497,0.8872354497354497,0.5404761904761904,0.8511982570806099,0.7017162698412699,0.911505985168619,0.12079743017061406,0.11891344201008502,1089,3744,26136,392040
heterogeneous_fedavg_secure_aggregation_dp,123,ALL,sample_weighted,Unknown,Unknown,Unknown,32.0,2_Layer_MLP,0.0,True,True,148.02585092994047,109,55,54,49,43,11,6,0.8440366972477065,0.7902650356778796,0.8744357070045143,0.8744357070045143,0.7962962962962963,0.829687593691911,0.8098154215814767,0.905860950366592,0.12440483799353551,0.12458905023992609,1089,3744,26136,392040
heterogeneous_fedprox_secure_aggregation_dp,123,hospital_1,hospital,Heterogeneous_Composite_MLP,heterogeneous_native,FedProx,32.0,2_Layer_MLP,0.01,True,True,148.02585092994047,46,21,25,19,19,6,2,0.8260869565217391,0.76,0.9047619047619048,0.9047619047619048,0.76,0.8260869565217391,0.9447619047619047,0.9464223018642155,0.13721607821490697,0.15397158226646157,1089,3744,26136,392040
heterogeneous_fedprox_secure_aggregation_dp,123,hospital_2,hospital,Heterogeneous_Composite_MLP,heterogeneous_native,FedProx,32.0,2_Layer_MLP,0.01,True,True,148.02585092994047,44,16,28,13,23,5,3,0.8181818181818182,0.7222222222222222,0.8125,0.8125,0.8214285714285714,0.7647058823529411,0.9263392857142857,0.8672146276166943,0.11455168333115408,0.11416718727824361,1089,3744,26136,392040
heterogeneous_fedprox_secure_aggregation_dp,123,hospital_3,hospital,Heterogeneous_Composite_MLP,heterogeneous_native,FedProx,32.0,2_Layer_MLP,0.01,True,True,148.02585092994047,19,18,1,17,0,1,1,0.8947368421052632,0.9444444444444444,0.9444444444444444,0.9444444444444444,0.0,0.9444444444444444,0.25,0.939159096312089,0.10299202960286033,0.10112067017900318,1089,3744,26136,392040
heterogeneous_fedprox_secure_aggregation_dp,123,ALL,macro,Heterogeneous_Composite_MLP,heterogeneous_native,FedProx,32.0,2_Layer_MLP,0.01,True,True,148.02585092994047,109,55,54,49,42,12,6,0.8463352056029402,0.8088888888888889,0.8872354497354497,0.8872354497354497,0.5271428571428571,0.8450790944397083,0.7070337301587301,0.9175986752643329,0.11825326371630714,0.12308647990790278,1089,3744,26136,392040
heterogeneous_fedprox_secure_aggregation_dp,123,ALL,sample_weighted,Heterogeneous_Composite_MLP,heterogeneous_native,FedProx,32.0,2_Layer_MLP,0.01,True,True,148.02585092994047,109,55,54,49,42,12,6,0.8348623853211009,0.776901121304791,0.8744357070045143,0.8744357070045143,0.7777777777777778,0.8219403969538885,0.8162199650502402,0.9131824984478729,0.12210148832028299,0.12869120878808268,1089,3744,26136,392040
heterogeneous_fedadam_secure_aggregation_dp,123,hospital_1,hospital,Heterogeneous_Composite_MLP,heterogeneous_native,FedAdam,32.0,2_Layer_MLP,0.0,True,True,148.02585092994047,46,21,25,19,20,5,2,0.8478260869565217,0.7916666666666666,0.9047619047619048,0.9047619047619048,0.8,0.8444444444444444,0.9504761904761905,0.953868512671771,0.10596029961171817,0.1335246459297512,1089,3744,26136,392040
heterogeneous_fedadam_secure_aggregation_dp,123,hospital_2,hospital,Heterogeneous_Composite_MLP,heterogeneous_native,FedAdam,32.0,2_Layer_MLP,0.0,True,True,148.02585092994047,44,16,28,14,22,6,2,0.8181818181818182,0.7,0.875,0.875,0.7857142857142857,0.7777777777777778,0.9107142857142858,0.838769800120903,0.12930515277252,0.1450725244358182,1089,3744,26136,392040
heterogeneous_fedadam_secure_aggregation_dp,123,hospital_3,hospital,Heterogeneous_Composite_MLP,heterogeneous_native,FedAdam,32.0,2_Layer_MLP,0.0,True,True,148.02585092994047,19,18,1,17,0,1,1,0.8947368421052632,0.9444444444444444,0.9444444444444444,0.9444444444444444,0.0,0.9444444444444444,0.25,0.939159096312089,0.09841806261765204,0.11048325700195213,1089,3744,26136,392040
heterogeneous_fedadam_secure_aggregation_dp,123,ALL,macro,Heterogeneous_Composite_MLP,heterogeneous_native,FedAdam,32.0,2_Layer_MLP,0.0,True,True,148.02585092994047,109,55,54,50,42,12,5,0.8535815824145344,0.812037037037037,0.9080687830687829,0.9080687830687829,0.5285714285714286,0.8555555555555555,0.7037301587301587,0.9105991363682543,0.1112278383339634,0.12969347578917387,1089,3744,26136,392040
heterogeneous_fedadam_secure_aggregation_dp,123,ALL,sample_weighted,Heterogeneous_Composite_MLP,heterogeneous_native,FedAdam,32.0,2_Layer_MLP,0.0,True,True,148.02585092994047,109,55,54,50,42,12,5,0.8440366972477065,0.7812945973496432,0.8996650648026795,0.8996650648026795,0.7777777777777778,0.8349643221202854,0.8123241590214068,0.904842620350008,0.11406920820059913,0.13416978597230866,1089,3744,26136,392040
heterogeneous_fedavg_secure_aggregation,2026,hospital_1,hospital,Unknown,Unknown,Unknown,32.0,2_Layer_MLP,0.0,True,False,,46,21,25,20,19,6,1,0.8478260869565217,0.7692307692307693,0.9523809523809523,0.9523809523809523,0.76,0.851063829787234,0.9523809523809523,0.9570787302971027,0.1119153792842961,0.16494227200746536,1089,3744,26136,392040
heterogeneous_fedavg_secure_aggregation,2026,hospital_2,hospital,Unknown,Unknown,Unknown,32.0,2_Layer_MLP,0.0,True,False,,44,16,28,8,25,3,8,0.75,0.7272727272727273,0.5,0.5,0.8928571428571429,0.5925925925925926,0.90625,0.8476883634497486,0.14270198514538315,0.1870429529385133,1089,3744,26136,392040
heterogeneous_fedavg_secure_aggregation,2026,hospital_3,hospital,Unknown,Unknown,Unknown,32.0,2_Layer_MLP,0.0,True,False,,19,18,1,18,0,1,0,0.9473684210526315,0.9473684210526315,1.0,1.0,0.0,0.972972972972973,0.2777777777777778,0.9358468221664817,0.06658900354510347,0.11387955201299566,1089,3744,26136,392040
heterogeneous_fedavg_secure_aggregation,2026,ALL,macro,Unknown,Unknown,Unknown,32.0,2_Layer_MLP,0.0,True,False,,109,55,54,46,44,10,9,0.8483981693363845,0.8146239725187093,0.8174603174603176,0.8174603174603176,0.550952380952381,0.8055431317842666,0.7121362433862434,0.913537971971111,0.10706878932492758,0.15528825898632478,1089,3744,26136,392040
heterogeneous_fedavg_secure_aggregation,2026,ALL,sample_weighted,Unknown,Unknown,Unknown,32.0,2_Layer_MLP,0.0,True,False,,109,55,54,46,44,10,9,0.8256880733944955,0.7833450952717008,0.7780690257754478,0.7780690257754478,0.8148148148148148,0.7679770342272783,0.8161679044706567,0.9092201762075119,0.11644207211771969,0.16496280669619184,1089,3744,26136,392040
heterogeneous_fedavg_dp,2026,hospital_1,hospital,Unknown,Unknown,Unknown,32.0,2_Layer_MLP,0.0,False,True,148.02585092994047,46,21,25,20,16,9,1,0.782608695652174,0.6896551724137931,0.9523809523809523,0.9523809523809523,0.64,0.8,0.9619047619047618,0.9632938316208997,0.12854099685360676,0.17907892232355865,1089,3744,26136,392040
heterogeneous_fedavg_dp,2026,hospital_2,hospital,Unknown,Unknown,Unknown,32.0,2_Layer_MLP,0.0,False,True,148.02585092994047,44,16,28,13,24,4,3,0.8409090909090909,0.7647058823529411,0.8125,0.8125,0.8571428571428571,0.7878787878787878,0.9062500000000001,0.832575635104418,0.12220278693942378,0.10559608347036621,1089,3744,26136,392040
heterogeneous_fedavg_dp,2026,hospital_3,hospital,Unknown,Unknown,Unknown,32.0,2_Layer_MLP,0.0,False,True,148.02585092994047,19,18,1,18,0,1,0,0.9473684210526315,0.9473684210526315,1.0,1.0,0.0,0.972972972972973,0.16666666666666666,0.9131616369812965,0.05259177139067848,0.05036707928306183,1089,3744,26136,392040
heterogeneous_fedavg_dp,2026,ALL,macro,Unknown,Unknown,Unknown,32.0,2_Layer_MLP,0.0,False,True,148.02585092994047,109,55,54,51,40,14,4,0.8569620692046321,0.8005764919397885,0.9216269841269842,0.9216269841269842,0.499047619047619,0.8536172536172536,0.6782738095238096,0.9030103679022048,0.101111851727903,0.11168069502566223,1089,3744,26136,392040
heterogeneous_fedavg_dp,2026,ALL,sample_weighted,Unknown,Unknown,Unknown,32.0,2_Layer_MLP,0.0,False,True,148.02585092994047,109,55,54,51,40,14,4,0.8348623853211009,0.7648733647207697,0.9042158147662734,0.9042158147662734,0.7407407407407407,0.8252582858087445,0.800819134993447,0.9017882137779853,0.11274359758737108,0.1269801156509907,1089,3744,26136,392040
heterogeneous_fedavg_secure_aggregation_dp,2026,hospital_1,hospital,Unknown,Unknown,Unknown,32.0,2_Layer_MLP,0.0,True,True,148.02585092994047,46,21,25,20,16,9,1,0.782608695652174,0.6896551724137931,0.9523809523809523,0.9523809523809523,0.64,0.8,0.9619047619047618,0.9632938316208997,0.12854098468048508,0.17907891049981117,1089,3744,26136,392040
heterogeneous_fedavg_secure_aggregation_dp,2026,hospital_2,hospital,Unknown,Unknown,Unknown,32.0,2_Layer_MLP,0.0,True,True,148.02585092994047,44,16,28,13,24,4,3,0.8409090909090909,0.7647058823529411,0.8125,0.8125,0.8571428571428571,0.7878787878787878,0.9062500000000001,0.832575635104418,0.12220278186440342,0.10559608719565651,1089,3744,26136,392040
heterogeneous_fedavg_secure_aggregation_dp,2026,hospital_3,hospital,Unknown,Unknown,Unknown,32.0,2_Layer_MLP,0.0,True,True,148.02585092994047,19,18,1,18,0,1,0,0.9473684210526315,0.9473684210526315,1.0,1.0,0.0,0.972972972972973,0.16666666666666666,0.9131616369812965,0.05259177144053838,0.05036707928306183,1089,3744,26136,392040
heterogeneous_fedavg_secure_aggregation_dp,2026,ALL,macro,Unknown,Unknown,Unknown,32.0,2_Layer_MLP,0.0,True,True,148.02585092994047,109,55,54,51,40,14,4,0.8569620692046321,0.8005764919397885,0.9216269841269842,0.9216269841269842,0.499047619047619,0.8536172536172536,0.6782738095238096,0.9030103679022048,0.1011118459951423,0.1116806923261765,1089,3744,26136,392040
heterogeneous_fedavg_secure_aggregation_dp,2026,ALL,sample_weighted,Unknown,Unknown,Unknown,32.0,2_Layer_MLP,0.0,True,True,148.02585092994047,109,55,54,51,40,14,4,0.8348623853211009,0.7648733647207697,0.9042158147662734,0.9042158147662734,0.7407407407407407,0.8252582858087445,0.800819134993447,0.9017882137779853,0.11274359041014947,0.12698011216493924,1089,3744,26136,392040
heterogeneous_fedprox_secure_aggregation_dp,2026,hospital_1,hospital,Heterogeneous_Composite_MLP,heterogeneous_native,FedProx,32.0,2_Layer_MLP,0.01,True,True,148.02585092994047,46,21,25,20,15,10,1,0.7608695652173914,0.6666666666666666,0.9523809523809523,0.9523809523809523,0.6,0.7843137254901961,0.9619047619047618,0.9632938316208997,0.1292199743255287,0.1753373640467939,1089,3744,26136,392040
heterogeneous_fedprox_secure_aggregation_dp,2026,hospital_2,hospital,Heterogeneous_Composite_MLP,heterogeneous_native,FedProx,32.0,2_Layer_MLP,0.01,True,True,148.02585092994047,44,16,28,13,24,4,3,0.8409090909090909,0.7647058823529411,0.8125,0.8125,0.8571428571428571,0.7878787878787878,0.9062500000000001,0.832575635104418,0.12189695914947997,0.11242896098304878,1089,3744,26136,392040
heterogeneous_fedprox_secure_aggregation_dp,2026,hospital_3,hospital,Heterogeneous_Composite_MLP,heterogeneous_native,FedProx,32.0,2_Layer_MLP,0.01,True,True,148.02585092994047,19,18,1,18,0,1,0,0.9473684210526315,0.9473684210526315,1.0,1.0,0.0,0.972972972972973,0.16666666666666666,0.9131616369812965,0.052588280243641795,0.0502550225508841,1089,3744,26136,392040
heterogeneous_fedprox_secure_aggregation_dp,2026,ALL,macro,Heterogeneous_Composite_MLP,heterogeneous_native,FedProx,32.0,2_Layer_MLP,0.01,True,True,148.02585092994047,109,55,54,51,39,15,4,0.8497156923930379,0.7929136566907463,0.9216269841269842,0.9216269841269842,0.4857142857142857,0.848388495447319,0.6782738095238096,0.9030103679022048,0.10123507123955017,0.11267378252690892,1089,3744,26136,392040
heterogeneous_fedprox_secure_aggregation_dp,2026,ALL,sample_weighted,Heterogeneous_Composite_MLP,heterogeneous_native,FedProx,32.0,2_Layer_MLP,0.01,True,True,148.02585092994047,109,55,54,51,39,15,4,0.8256880733944955,0.7551717934880374,0.9042158147662734,0.9042158147662734,0.7222222222222222,0.8186383901440567,0.800819134993447,0.9017882137779853,0.11290607657046453,0.1281398023658116,1089,3744,26136,392040
heterogeneous_fedadam_secure_aggregation_dp,2026,hospital_1,hospital,Heterogeneous_Composite_MLP,heterogeneous_native,FedAdam,32.0,2_Layer_MLP,0.0,True,True,148.02585092994047,46,21,25,20,15,10,1,0.7608695652173914,0.6666666666666666,0.9523809523809523,0.9523809523809523,0.6,0.7843137254901961,0.9619047619047618,0.9632938316208997,0.14961162208782494,0.21460124267184222,1089,3744,26136,392040
heterogeneous_fedadam_secure_aggregation_dp,2026,hospital_2,hospital,Heterogeneous_Composite_MLP,heterogeneous_native,FedAdam,32.0,2_Layer_MLP,0.0,True,True,148.02585092994047,44,16,28,13,24,4,3,0.8409090909090909,0.7647058823529411,0.8125,0.8125,0.8571428571428571,0.7878787878787878,0.9084821428571428,0.8431368303666414,0.13641736613805389,0.17085750604217703,1089,3744,26136,392040
heterogeneous_fedadam_secure_aggregation_dp,2026,hospital_3,hospital,Heterogeneous_Composite_MLP,heterogeneous_native,FedAdam,32.0,2_Layer_MLP,0.0,True,True,148.02585092994047,19,18,1,18,0,1,0,0.9473684210526315,0.9473684210526315,1.0,1.0,0.0,0.972972972972973,0.3333333333333333,0.9444447057643652,0.051737267968102726,0.028433344866100163,1089,3744,26136,392040
heterogeneous_fedadam_secure_aggregation_dp,2026,ALL,macro,Heterogeneous_Composite_MLP,heterogeneous_native,FedAdam,32.0,2_Layer_MLP,0.0,True,True,148.02585092994047,109,55,54,51,39,15,4,0.8497156923930379,0.7929136566907463,0.9216269841269842,0.9216269841269842,0.4857142857142857,0.848388495447319,0.7345734126984126,0.916958455917302,0.11258875206466053,0.13796403119337314,1089,3744,26136,392040
heterogeneous_fedadam_secure_aggregation_dp,2026,ALL,sample_weighted,Heterogeneous_Composite_MLP,heterogeneous_native,FedAdam,32.0,2_Layer_MLP,0.0,True,True,148.02585092994047,109,55,54,51,39,15,4,0.8256880733944955,0.7551717934880374,0.9042158147662734,0.9042158147662734,0.7222222222222222,0.8186383901440567,0.8307721712538225,0.9115044605524455,0.12722483318814928,0.16449193560749023,1089,3744,26136,392040
